Project,Category,SubCategory,Region,Country,AE,MShre,TE,SOW
1,Telecommunications,Mobile Handsets,Africa,Egypt,0.07227,0.44346,0.44346,
1,Telecommunications,Mobile Handsets,Africa,Egypt,0.31834,0,0,
1,Telecommunications,Mobile Handsets,Africa,Egypt,0.66434,0.22173,0.22173,
1,Telecommunications,Mobile Handsets,Africa,Egypt,1.82739,1.55211,1.55211,
1,Telecommunications,Mobile Handsets,Africa,Egypt,71.46033,85.14412,85.14412,
1,Telecommunications,Mobile Handsets,Africa,Egypt,21.2403,10.86475,10.86475,
1,Telecommunications,Mobile Handsets,Africa,Egypt,4.41687,1.77384,1.77384,
2,Telecommunications,Mobile Handsets,Africa,Nigeria,15.92005,8.80503,8.80503,
2,Telecommunications,Mobile Handsets,Africa,Nigeria,9.9863,4.40252,4.40252,
2,Telecommunications,Mobile Handsets,Africa,Nigeria,0.37328,0,0,
2,Telecommunications,Mobile Handsets,Africa,Nigeria,3.11698,0.41929,0.41929,
2,Telecommunications,Mobile Handsets,Africa,Nigeria,4.3607,2.09644,2.09644,
2,Telecommunications,Mobile Handsets,Africa,Nigeria,4.6422,3.14465,3.14465,
2,Telecommunications,Mobile Handsets,Africa,Nigeria,61.59985,81.13208,81.13208,
3,FMCG,Beverages,Africa,South Africa,0,0.26151,0,
3,FMCG,Beverages,Africa,South Africa,0,0.11376,0,
3,FMCG,Beverages,Africa,South Africa,0.7,0.23918,0.4,
3,FMCG,Beverages,Africa,South Africa,1.2,0.0013,0.6,
3,FMCG,Beverages,Africa,South Africa,1,2.18404,0.7,
3,FMCG,Beverages,Africa,South Africa,2.5,1.14874,1.8,
3,FMCG,Beverages,Africa,South Africa,2.4,0.61624,1.9,
3,FMCG,Beverages,Africa,South Africa,2.8,3.46736,2.3,
3,FMCG,Beverages,Africa,South Africa,2.7,1.74493,2.3,
3,FMCG,Beverages,Africa,South Africa,3.6,3.60135,2.5,
3,FMCG,Beverages,Africa,South Africa,3.3,1.71609,2.9,
3,FMCG,Beverages,Africa,South Africa,4.8,2.86257,3.6,
3,FMCG,Beverages,Africa,South Africa,5,1.72177,4.4,
3,FMCG,Beverages,Africa,South Africa,6.6,3.33808,5.7,
3,FMCG,Beverages,Africa,South Africa,6.3,3.37245,5.9,
3,FMCG,Beverages,Africa,South Africa,9,6.19596,8.9,
3,FMCG,Beverages,Africa,South Africa,10.5,9.13655,10.4,
3,FMCG,Beverages,Africa,South Africa,32,58.27811,42.1,
4,Alcoholic Beverages,Beer,Africa,South Africa,0,0,0.01082,
4,Alcoholic Beverages,Beer,Africa,South Africa,0.1,0.0492,0.01679,
4,Alcoholic Beverages,Beer,Africa,South Africa,0.1,0.0396,0.0303,
4,Alcoholic Beverages,Beer,Africa,South Africa,0.1,0.02642,0.03275,
4,Alcoholic Beverages,Beer,Africa,South Africa,0.1,0.04447,0.06647,
4,Alcoholic Beverages,Beer,Africa,South Africa,0.1,0.03915,0.07055,
4,Alcoholic Beverages,Beer,Africa,South Africa,0.3,0.08052,0.15994,
4,Alcoholic Beverages,Beer,Africa,South Africa,0.5,0.49811,0.29034,
4,Alcoholic Beverages,Beer,Africa,South Africa,0.7,0.57811,0.49588,
4,Alcoholic Beverages,Beer,Africa,South Africa,1.4,0.82194,0.90693,
4,Alcoholic Beverages,Beer,Africa,South Africa,1.8,0.43072,1.03749,
4,Alcoholic Beverages,Beer,Africa,South Africa,3.2,3.07412,2.39119,
4,Alcoholic Beverages,Beer,Africa,South Africa,2.8,1.64833,2.50478,
4,Alcoholic Beverages,Beer,Africa,South Africa,3.3,4.60365,2.84822,
4,Alcoholic Beverages,Beer,Africa,South Africa,6,1.83195,4.66686,
4,Alcoholic Beverages,Beer,Africa,South Africa,8.5,6.29152,8.64978,
4,Alcoholic Beverages,Beer,Africa,South Africa,11.4,2.96135,9.81733,
4,Alcoholic Beverages,Beer,Africa,South Africa,13.4,15.62791,14.37417,
4,Alcoholic Beverages,Beer,Africa,South Africa,20.3,20.29301,21.48394,
4,Alcoholic Beverages,Beer,Africa,South Africa,25.9,41.0599,30.14462,
5,Alcoholic Beverages,Spirits and Coolers,Africa,South Africa,0.3,0.08417,0.26039,
5,Alcoholic Beverages,Spirits and Coolers,Africa,South Africa,0.6,0.02673,0.34428,
5,Alcoholic Beverages,Spirits and Coolers,Africa,South Africa,0.5,1.5833,0.38508,
5,Alcoholic Beverages,Spirits and Coolers,Africa,South Africa,0.7,0.23517,0.48798,
5,Alcoholic Beverages,Spirits and Coolers,Africa,South Africa,0.6,0.93138,0.58541,
5,Alcoholic Beverages,Spirits and Coolers,Africa,South Africa,1,0.3337,0.63909,
5,Alcoholic Beverages,Spirits and Coolers,Africa,South Africa,0.9,1.5401,0.70342,
5,Alcoholic Beverages,Spirits and Coolers,Africa,South Africa,0.9,0.89533,0.75336,
5,Alcoholic Beverages,Spirits and Coolers,Africa,South Africa,1,0.90798,0.77255,
5,Alcoholic Beverages,Spirits and Coolers,Africa,South Africa,1.3,1.84526,0.98014,
5,Alcoholic Beverages,Spirits and Coolers,Africa,South Africa,1,2.13896,0.9961,
5,Alcoholic Beverages,Spirits and Coolers,Africa,South Africa,1.4,2.07012,1.08459,
5,Alcoholic Beverages,Spirits and Coolers,Africa,South Africa,1.3,1.53563,1.26059,
5,Alcoholic Beverages,Spirits and Coolers,Africa,South Africa,1.9,2.56615,1.5715,
5,Alcoholic Beverages,Spirits and Coolers,Africa,South Africa,2.6,1.86417,2.04217,
5,Alcoholic Beverages,Spirits and Coolers,Africa,South Africa,4,1.75663,3.67067,
5,Alcoholic Beverages,Spirits and Coolers,Africa,South Africa,4,2.95063,3.6773,
5,Alcoholic Beverages,Spirits and Coolers,Africa,South Africa,4.8,3.55108,3.79337,
5,Alcoholic Beverages,Spirits and Coolers,Africa,South Africa,7.6,6.20037,7.54843,
5,Alcoholic Beverages,Spirits and Coolers,Africa,South Africa,7.6,8.8889,7.88173,
5,Alcoholic Beverages,Spirits and Coolers,Africa,South Africa,7.9,10.19369,8.23614,
5,Alcoholic Beverages,Spirits and Coolers,Africa,South Africa,8.5,13.01344,9.71852,
5,Alcoholic Beverages,Spirits and Coolers,Africa,South Africa,11.6,7.47213,11.85094,
5,Alcoholic Beverages,Spirits and Coolers,Africa,South Africa,11.9,12.71776,13.16546,
5,Alcoholic Beverages,Spirits and Coolers,Africa,South Africa,16.1,14.6972,17.59122,
6,FMCG,Beverages,Africa,South Africa,0.49738,0.53829,0.27163,
6,FMCG,Beverages,Africa,South Africa,0.33205,1.8804,0.32362,
6,FMCG,Beverages,Africa,South Africa,0.61323,0.7658,0.38508,
6,FMCG,Beverages,Africa,South Africa,1.06122,0.06173,0.60749,
6,FMCG,Beverages,Africa,South Africa,0.93524,4.02229,0.62409,
6,FMCG,Beverages,Africa,South Africa,1.06419,2.11003,0.68615,
6,FMCG,Beverages,Africa,South Africa,1.36729,0.24238,0.87232,
6,FMCG,Beverages,Africa,South Africa,1.76913,7.40985,0.89167,
6,FMCG,Beverages,Africa,South Africa,1.26413,0.17288,0.92275,
6,FMCG,Beverages,Africa,South Africa,1.50183,0.1994,0.98008,
6,FMCG,Beverages,Africa,South Africa,1.57426,4.26413,1.10672,
6,FMCG,Beverages,Africa,South Africa,1.14265,5.15574,1.11779,
6,FMCG,Beverages,Africa,South Africa,1.23496,1.613,1.27423,
6,FMCG,Beverages,Africa,South Africa,2.35204,0.57186,2.8109,
6,FMCG,Beverages,Africa,South Africa,2.84795,3.09351,3.07567,
6,FMCG,Beverages,Africa,South Africa,4.33134,1.30422,3.47092,
6,FMCG,Beverages,Africa,South Africa,5.11606,0.94926,3.98979,
6,FMCG,Beverages,Africa,South Africa,5.32994,13.43479,4.85925,
6,FMCG,Beverages,Africa,South Africa,7.05598,7.25424,6.15183,
6,FMCG,Beverages,Africa,South Africa,6.02138,7.03717,7.97685,
6,FMCG,Beverages,Africa,South Africa,16.19476,7.74433,15.53253,
6,FMCG,Beverages,Africa,South Africa,15.70782,20.02828,19.45995,
6,FMCG,Beverages,Africa,South Africa,20.68515,10.14642,22.60869,
7,Automotive,Motor Vehicle,Africa,South Africa,0.13635,0.2,0.16715,
7,Automotive,Motor Vehicle,Africa,South Africa,0.49032,0.3,0.25882,
7,Automotive,Motor Vehicle,Africa,South Africa,1.75115,0.2,0.26509,
7,Automotive,Motor Vehicle,Africa,South Africa,0.74707,0.2,0.44492,
7,Automotive,Motor Vehicle,Africa,South Africa,0.76592,0.6,0.70636,
7,Automotive,Motor Vehicle,Africa,South Africa,1.44683,0.6,1.23766,
7,Automotive,Motor Vehicle,Africa,South Africa,2.37467,1,1.25184,
7,Automotive,Motor Vehicle,Africa,South Africa,2.06149,1.7,1.84664,
7,Automotive,Motor Vehicle,Africa,South Africa,2.05577,1.9,1.94804,
7,Automotive,Motor Vehicle,Africa,South Africa,1.02244,2.4,1.99223,
7,Automotive,Motor Vehicle,Africa,South Africa,2.29212,2.3,2.00262,
7,Automotive,Motor Vehicle,Africa,South Africa,1.76746,2.1,2.03642,
7,Automotive,Motor Vehicle,Africa,South Africa,1.62406,2.7,2.04488,
7,Automotive,Motor Vehicle,Africa,South Africa,2.08182,2.1,2.19956,
7,Automotive,Motor Vehicle,Africa,South Africa,2.18761,2.4,2.25146,
7,Automotive,Motor Vehicle,Africa,South Africa,2.20878,2.6,2.36154,
7,Automotive,Motor Vehicle,Africa,South Africa,2.14551,2.4,2.37849,
7,Automotive,Motor Vehicle,Africa,South Africa,2.69973,2.2,2.74671,
7,Automotive,Motor Vehicle,Africa,South Africa,3.20882,2.6,2.76523,
7,Automotive,Motor Vehicle,Africa,South Africa,3.30984,3.9,3.33997,
7,Automotive,Motor Vehicle,Africa,South Africa,4.70309,3.2,3.45246,
7,Automotive,Motor Vehicle,Africa,South Africa,3.49092,3.7,3.6704,
7,Automotive,Motor Vehicle,Africa,South Africa,4.75775,5.3,4.66905,
7,Automotive,Motor Vehicle,Africa,South Africa,4.40535,5.3,4.86489,
7,Automotive,Motor Vehicle,Africa,South Africa,10.8572,11.1,10.27344,
7,Automotive,Motor Vehicle,Africa,South Africa,11.90338,13.1,13.43968,
7,Automotive,Motor Vehicle,Africa,South Africa,23.50437,24,25.38438,
8,Automotive,Petrol or Gas,Asia,Singapore,31.08417,31,31,
8,Automotive,Petrol or Gas,Asia,Singapore,24.89762,18,18,
8,Automotive,Petrol or Gas,Asia,Singapore,17.41636,16,16,
8,Automotive,Petrol or Gas,Asia,Singapore,26.60397,35,35,
9,Alcoholic Beverages,Spirits and Coolers,Asia,Taiwan,4.11412,4.75382,2.47115,
9,Alcoholic Beverages,Spirits and Coolers,Asia,Taiwan,4.40185,9.50764,2.78594,
9,Alcoholic Beverages,Spirits and Coolers,Asia,Taiwan,5.70861,4.58404,4.57939,
9,Alcoholic Beverages,Spirits and Coolers,Asia,Taiwan,7.92786,15.28014,7.71506,
9,Alcoholic Beverages,Spirits and Coolers,Asia,Taiwan,12.7564,11.03565,11.58171,
9,Alcoholic Beverages,Spirits and Coolers,Asia,Taiwan,13.33383,6.96095,14.38158,
9,Alcoholic Beverages,Spirits and Coolers,Asia,Taiwan,15.12356,13.41256,14.98801,
9,Alcoholic Beverages,Spirits and Coolers,Asia,Taiwan,15.15299,8.9983,16.32248,
9,Alcoholic Beverages,Spirits and Coolers,Asia,Taiwan,21.4808,25.46689,25.17469,
10,Automotive,Motor Vehicle,Asia,Thailand,5.03377,2,3,
10,Automotive,Motor Vehicle,Asia,Thailand,3,3,3.07298,
10,Automotive,Motor Vehicle,Asia,Thailand,4,3,5,
10,Automotive,Motor Vehicle,Asia,Thailand,5.79049,10,6.8783,
10,Automotive,Motor Vehicle,Asia,Thailand,7,11,7,
10,Automotive,Motor Vehicle,Asia,Thailand,13,6,7,
10,Automotive,Motor Vehicle,Asia,Thailand,28,21,31,
10,Automotive,Motor Vehicle,Asia,Thailand,34,41,38,
11,Telecommunications,Mobile Handsets,Asia,Thailand,71.58725,81.03617,81.03617,
11,Telecommunications,Mobile Handsets,Asia,Thailand,15.66672,11.82796,11.82796,
11,Telecommunications,Mobile Handsets,Asia,Thailand,3.3022,1.46628,1.46628,
11,Telecommunications,Mobile Handsets,Asia,Thailand,2.18187,0.68426,0.68426,
11,Telecommunications,Mobile Handsets,Asia,Thailand,2.37365,1.27077,1.27077,
11,Telecommunications,Mobile Handsets,Asia,Thailand,2.21469,1.75953,1.75953,
11,Telecommunications,Mobile Handsets,Asia,Thailand,2.67324,1.95503,1.95503,
12,Automotive,Motor Vehicle,Asia,India,1,0.3,0,
12,Automotive,Motor Vehicle,Asia,India,1,0.13,0,
12,Automotive,Motor Vehicle,Asia,India,3,1.2,1,
12,Automotive,Motor Vehicle,Asia,India,3,1.1,1,
12,Automotive,Motor Vehicle,Asia,India,4,0.9,2,
12,Automotive,Motor Vehicle,Asia,India,5,3.7,4,
12,Automotive,Motor Vehicle,Asia,India,8,3.7,4,
12,Automotive,Motor Vehicle,Asia,India,15,5.2,7,
12,Automotive,Motor Vehicle,Asia,India,17,19.6,19,
12,Automotive,Motor Vehicle,Asia,India,13,19.1,19,
12,Automotive,Motor Vehicle,Asia,India,30,45,43,
12,Telecommunications,Mobile Handsets,Asia,India,3.08524,3.80541,3.80541,
12,Telecommunications,Mobile Handsets,Asia,India,66.67028,69.60987,69.60987,
12,Telecommunications,Mobile Handsets,Asia,India,13.76308,10.73835,10.73835,
12,Telecommunications,Mobile Handsets,Asia,India,7.37919,6.48828,6.48828,
12,Telecommunications,Mobile Handsets,Asia,India,0.27911,0.17455,0.17455,
12,Telecommunications,Mobile Handsets,Asia,India,0.39508,0.08751,0.08751,
12,Telecommunications,Mobile Handsets,Asia,India,8.42771,9.09604,9.09604,
13,Healthcare,Vitamins,Japan,Japan,1.32164,0.3634,0.66718,
13,Healthcare,Vitamins,Japan,Japan,1.71753,0.57813,0.93692,
13,Healthcare,Vitamins,Japan,Japan,3.53383,0.51206,2.1595,
13,Healthcare,Vitamins,Japan,Japan,4.35238,1.63528,3.13281,
13,Healthcare,Vitamins,Japan,Japan,5.42219,0.23125,3.66564,
13,Healthcare,Vitamins,Japan,Japan,12.09854,4.21209,11.37377,
13,Healthcare,Vitamins,Japan,Japan,16.93865,9.28312,14.26051,
13,Healthcare,Vitamins,Japan,Japan,18.47012,4.37727,16.02556,
13,Healthcare,Vitamins,Japan,Japan,36.14512,78.8074,47.77812,
14,Automotive,Motor Vehicle,Australia,Australia,7.35791,2.54565,3.02436,
14,Automotive,Motor Vehicle,Australia,Australia,8.52061,3.70991,4.50124,
14,Automotive,Motor Vehicle,Australia,Australia,3.53915,4.12965,5.82293,
14,Automotive,Motor Vehicle,Australia,Australia,8.78521,6.20354,6.1583,
14,Automotive,Motor Vehicle,Australia,Australia,5.32637,6.38771,6.67071,
14,Automotive,Motor Vehicle,Australia,Australia,8.44767,7.81264,7.23473,
14,Automotive,Motor Vehicle,Australia,Australia,5.66779,6.09196,9.18351,
14,Automotive,Motor Vehicle,Australia,Australia,13.21983,10.41061,17.01518,
14,Automotive,Motor Vehicle,Australia,Australia,16.54507,14.80607,18.65147,
14,Automotive,Motor Vehicle,Australia,Australia,22.59029,21.95856,21.7377,
15,FMCG,Sweetners,Australia,Australia,1.16524,5.9546,2.76933,
15,FMCG,Sweetners,Australia,Australia,2.93446,2.96613,2.96613,
15,FMCG,Sweetners,Australia,Australia,7.84531,7.07456,9.93454,
15,FMCG,Sweetners,Australia,Australia,14.47045,12.6011,14.93267,
16,Alcoholic Beverages,Spirits and Coolers,Australia,Australia,0.17065,0.37231,0,
16,Alcoholic Beverages,Spirits and Coolers,Australia,Australia,1.53584,0.18237,0.5291,
16,Alcoholic Beverages,Spirits and Coolers,Australia,Australia,1.53584,0.71653,0.88183,
16,Alcoholic Beverages,Spirits and Coolers,Australia,Australia,1.36519,2.28975,0.88183,
16,Alcoholic Beverages,Spirits and Coolers,Australia,Australia,5.9727,2.45133,2.29277,
16,Alcoholic Beverages,Spirits and Coolers,Australia,Australia,1.87713,2.56197,2.29277,
16,Alcoholic Beverages,Spirits and Coolers,Australia,Australia,3.07167,0.29306,2.6455,
16,Alcoholic Beverages,Spirits and Coolers,Australia,Australia,3.07167,1.84429,3.88007,
16,Alcoholic Beverages,Spirits and Coolers,Australia,Australia,4.77816,4.17822,4.40917,
16,Alcoholic Beverages,Spirits and Coolers,Australia,Australia,5.11945,1.57085,6.17284,
16,Alcoholic Beverages,Spirits and Coolers,Australia,Australia,7.50853,5.26351,6.34921,
16,Alcoholic Beverages,Spirits and Coolers,Australia,Australia,8.19113,12.02151,9.70018,
16,Alcoholic Beverages,Spirits and Coolers,Australia,Australia,19.79522,7.79785,16.93122,
16,Alcoholic Beverages,Spirits and Coolers,Australia,Australia,12.79863,14.91158,16.93122,
16,Alcoholic Beverages,Spirits and Coolers,Australia,Australia,23.20819,43.54486,26.10229,
17,FMCG,Cereals,New Zealand,New Zealand,2.04352,2.1519,2.1519,
17,FMCG,Cereals,New Zealand,New Zealand,25.97273,21.55754,21.55754,
17,FMCG,Cereals,New Zealand,New Zealand,5.13036,3.06454,3.06454,
17,FMCG,Cereals,New Zealand,New Zealand,1.59541,2.00668,2.00668,
17,FMCG,Cereals,New Zealand,New Zealand,3.14873,3.17438,3.17438,
17,FMCG,Cereals,New Zealand,New Zealand,4.21936,2.65558,2.65558,
17,FMCG,Cereals,New Zealand,New Zealand,5.63732,3.56263,3.56263,
17,FMCG,Cereals,New Zealand,New Zealand,8.63309,6.37977,6.37977,
17,FMCG,Cereals,New Zealand,New Zealand,2.52341,1.7558,1.7558,
17,FMCG,Cereals,New Zealand,New Zealand,9,10.32194,10.32194,
17,FMCG,Cereals,New Zealand,New Zealand,1.16102,1.37738,1.37738,
18,FMCG,Oils and Spices,Asia,China,15.79959,12,13.49701,
18,FMCG,Oils and Spices,Asia,China,34.4599,50,51.03284,
19,Automotive,Motor Vehicle,Asia,China,0,0.2897,0,
19,Automotive,Motor Vehicle,Asia,China,0.21724,0.02842,0.06263,
19,Automotive,Motor Vehicle,Asia,China,2,1.03254,1,
19,Automotive,Motor Vehicle,Asia,China,0,0.75451,1,
19,Automotive,Motor Vehicle,Asia,China,0.81084,1.81319,1.7813,
19,Automotive,Motor Vehicle,Asia,China,1,2.08665,2,
19,Automotive,Motor Vehicle,Asia,China,2,4.5456,4,
19,Automotive,Motor Vehicle,Asia,China,2.58017,3.6345,4,
19,Automotive,Motor Vehicle,Asia,China,5,3.4434,4,
19,Automotive,Motor Vehicle,Asia,China,2.18603,4.63989,4.15589,
19,Automotive,Motor Vehicle,Asia,China,5.77586,5.52129,5.40235,
19,Automotive,Motor Vehicle,Asia,China,7,7.96058,8,
19,Automotive,Motor Vehicle,Asia,China,16,9.76806,10,
19,Automotive,Motor Vehicle,Asia,China,6,12.27575,11,
19,Automotive,Motor Vehicle,Asia,China,15,12.7483,13,
19,Automotive,Motor Vehicle,Asia,China,13,15.87967,15,
19,Automotive,Motor Vehicle,Asia,China,20,13.57793,15.85973,
20,FMCG,Beverages,Asia,China,6.07522,3.30946,3.20397,
20,FMCG,Beverages,Asia,China,7.1011,12.1347,5.02558,
20,FMCG,Beverages,Asia,China,9.64479,7.55932,5.21804,
20,FMCG,Beverages,Asia,China,6.48789,7.02133,5.38277,
20,FMCG,Beverages,Asia,China,8.71883,6.47941,5.67614,
20,FMCG,Beverages,Asia,China,8.30959,9.92839,5.95724,
20,FMCG,Beverages,Asia,China,11.22081,4.2128,8.26233,
20,FMCG,Beverages,Asia,China,13.08617,22.46826,9.34377,
20,FMCG,Beverages,Asia,China,11.79023,7.02133,10.26862,
20,FMCG,Beverages,Asia,China,15.92302,9.71912,11.32886,
20,FMCG,Beverages,Asia,China,18.28363,21.59805,18.47089,
20,FMCG,Beverages,Asia,China,21.73865,21.064,22.9278,
20,FMCG,Beverages,Asia,China,28.6749,22.06309,30.4225,
20,FMCG,Beverages,Asia,China,33.67894,36.4041,39.23045,
20,FMCG,Beverages,Asia,China,31.16638,33.7024,39.30484,
20,FMCG,Beverages,Asia,China,39.22144,46.43581,51.09778,
21,Healthcare,Over-The-Counter (OTC),Asia,China,2.5,2.48139,2.4,
21,Healthcare,Over-The-Counter (OTC),Asia,China,2.6,2.38901,2.7,
21,Healthcare,Over-The-Counter (OTC),Asia,China,8.9,16.44108,9,
21,Healthcare,Over-The-Counter (OTC),Asia,China,10.2,11.32725,10,
21,Healthcare,Over-The-Counter (OTC),Asia,China,10.2,15.89463,10.1,
21,Healthcare,Over-The-Counter (OTC),Asia,China,10.5,11.63933,10.9,
21,Healthcare,Over-The-Counter (OTC),Asia,China,12.3,7.52753,12.1,
21,Healthcare,Over-The-Counter (OTC),Asia,China,13,11.01676,13,
21,Healthcare,Over-The-Counter (OTC),Asia,China,13.3,7.88947,13.7,
21,Healthcare,Over-The-Counter (OTC),Asia,China,14.1,9.06085,13.9,
21,Healthcare,Over-The-Counter (OTC),Asia,China,18.3,18.06712,19,
21,Healthcare,Over-The-Counter (OTC),Asia,China,18.2,17.7507,19.1,
22,Telecommunications,Mobile Handsets,Asia,China,2.15568,2.47818,2.47818,
22,Telecommunications,Mobile Handsets,Asia,China,11.80928,12.79952,12.79952,
22,Telecommunications,Mobile Handsets,Asia,China,53.89069,53.15159,53.15159,
22,Telecommunications,Mobile Handsets,Asia,China,22.61115,25.27167,25.27167,
22,Telecommunications,Mobile Handsets,Asia,China,5.23604,4.59381,4.59381,
22,Telecommunications,Mobile Handsets,Asia,China,3.83812,1.48801,1.48801,
22,Telecommunications,Mobile Handsets,Asia,China,0.45866,0.21722,0.21722,
23,Financial,Banking,Eastern Europe,Bulgaria,0.95569,0.38037,0.82438,
23,Financial,Banking,Eastern Europe,Bulgaria,1.35208,3.3393,1.30692,
23,Financial,Banking,Eastern Europe,Bulgaria,1.61262,5.63074,1.4551,
23,Financial,Banking,Eastern Europe,Bulgaria,1.88931,3.37686,1.8495,
23,Financial,Banking,Eastern Europe,Bulgaria,2.93072,0.92951,3.76843,
23,Financial,Banking,Eastern Europe,Bulgaria,3.93199,1.13757,3.77333,
23,Financial,Banking,Eastern Europe,Bulgaria,8.42076,8.15318,7.61235,
23,Financial,Banking,Eastern Europe,Bulgaria,7.2279,4.77675,7.75907,
23,Financial,Banking,Eastern Europe,Bulgaria,11.69852,10.55765,9.50655,
23,Financial,Banking,Eastern Europe,Bulgaria,11.08364,10.28288,9.77759,
23,Financial,Banking,Eastern Europe,Bulgaria,10.28576,18.98588,10.44269,
23,Financial,Banking,Eastern Europe,Bulgaria,16.79642,14.88005,17.8863,
23,Financial,Banking,Eastern Europe,Bulgaria,21.8146,17.56925,24.03778,
24,Alcoholic Beverages,Beer,Eastern Europe,Hungary,0.14404,0.4399,0.08129,
24,Alcoholic Beverages,Beer,Eastern Europe,Hungary,0.26186,0.80811,0.18555,
24,Alcoholic Beverages,Beer,Eastern Europe,Hungary,0.26069,0.28091,0.31179,
24,Alcoholic Beverages,Beer,Eastern Europe,Hungary,0.87391,0.88954,0.4129,
24,Alcoholic Beverages,Beer,Eastern Europe,Hungary,0.63866,2.88872,0.48473,
24,Alcoholic Beverages,Beer,Eastern Europe,Hungary,0.7739,0.63805,0.50644,
24,Alcoholic Beverages,Beer,Eastern Europe,Hungary,0.56607,2.99244,0.51477,
24,Alcoholic Beverages,Beer,Eastern Europe,Hungary,0.67038,1.67761,0.55603,
24,Alcoholic Beverages,Beer,Eastern Europe,Hungary,1.0076,0,0.56954,
24,Alcoholic Beverages,Beer,Eastern Europe,Hungary,1.09263,1.07605,0.68964,
24,Alcoholic Beverages,Beer,Eastern Europe,Hungary,0.91468,1.73281,0.93076,
24,Alcoholic Beverages,Beer,Eastern Europe,Hungary,2.70661,3.9473,2.09875,
24,Alcoholic Beverages,Beer,Eastern Europe,Hungary,2.46632,8.16635,2.38932,
24,Alcoholic Beverages,Beer,Eastern Europe,Hungary,3.10308,3.48026,2.76241,
24,Alcoholic Beverages,Beer,Eastern Europe,Hungary,4.00935,2.23659,2.97008,
24,Alcoholic Beverages,Beer,Eastern Europe,Hungary,4.21599,1.64046,3.58293,
24,Alcoholic Beverages,Beer,Eastern Europe,Hungary,5.53679,1.64592,5.21282,
24,Alcoholic Beverages,Beer,Eastern Europe,Hungary,7.89672,2.26672,6.83192,
24,Alcoholic Beverages,Beer,Eastern Europe,Hungary,9.12141,6.84871,7.83177,
24,Alcoholic Beverages,Beer,Eastern Europe,Hungary,8.88656,15.30039,9.86485,
24,Alcoholic Beverages,Beer,Eastern Europe,Hungary,12.24126,3.55142,10.96357,
24,Alcoholic Beverages,Beer,Eastern Europe,Hungary,16.37009,16.85451,19.53579,
24,Alcoholic Beverages,Beer,Eastern Europe,Hungary,16.24128,20.6372,20.71228,
25,Alcoholic Beverages,Spirits and Coolers,Eastern Europe,Poland,0.35461,0.00752,0,
25,Alcoholic Beverages,Spirits and Coolers,Eastern Europe,Poland,0.1773,0.01322,0,
25,Alcoholic Beverages,Spirits and Coolers,Eastern Europe,Poland,1.06383,0.00789,0.31746,
25,Alcoholic Beverages,Spirits and Coolers,Eastern Europe,Poland,1.41844,0.05727,1.26984,
25,Alcoholic Beverages,Spirits and Coolers,Eastern Europe,Poland,6.73759,15.7637,3.49206,
25,Alcoholic Beverages,Spirits and Coolers,Eastern Europe,Poland,9.75177,0.12544,10.79365,
25,Alcoholic Beverages,Spirits and Coolers,Eastern Europe,Poland,23.40426,11.85893,14.44444,
25,Alcoholic Beverages,Spirits and Coolers,Eastern Europe,Poland,15.07092,1.22222,17.14286,
25,Alcoholic Beverages,Spirits and Coolers,Eastern Europe,Poland,26.59574,39.16612,23.96825,
25,Alcoholic Beverages,Spirits and Coolers,Eastern Europe,Poland,15.42553,31.77768,28.57143,
26,FMCG,Personal Care,Eastern Europe,Romania,0.84339,0.48672,0.3667,
26,FMCG,Personal Care,Eastern Europe,Romania,0.42617,1.17033,0.39572,
26,FMCG,Personal Care,Eastern Europe,Romania,3.44636,3.78993,3.50519,
26,FMCG,Personal Care,Eastern Europe,Romania,3.68928,5.83978,3.72246,
26,FMCG,Personal Care,Eastern Europe,Romania,5.1111,3.24598,5.18843,
26,FMCG,Personal Care,Eastern Europe,Romania,8.78797,6.59478,8.33973,
26,FMCG,Personal Care,Eastern Europe,Romania,10.70285,7.16336,10.40312,
26,FMCG,Personal Care,Eastern Europe,Romania,11.7272,9.52651,11.41041,
26,FMCG,Personal Care,Eastern Europe,Romania,12.65124,6.54886,11.44316,
26,FMCG,Personal Care,Eastern Europe,Romania,12.61082,8.21264,11.81144,
26,FMCG,Personal Care,Eastern Europe,Romania,11.75465,23.94353,13.12856,
26,FMCG,Personal Care,Eastern Europe,Romania,18.25171,23.46252,20.25618,
27,FMCG,Beverages,Eastern Europe,Romania,0.31203,0.59825,0.08648,
27,FMCG,Beverages,Eastern Europe,Romania,1.24842,1.65446,0.71938,
27,FMCG,Beverages,Eastern Europe,Romania,1.71668,0.74645,1.14946,
27,FMCG,Beverages,Eastern Europe,Romania,2.08294,1.40592,1.18579,
27,FMCG,Beverages,Eastern Europe,Romania,1.68507,1.697,1.25534,
27,FMCG,Beverages,Eastern Europe,Romania,2.31562,3.11034,1.53696,
27,FMCG,Beverages,Eastern Europe,Romania,2.27869,7.27287,2.04682,
27,FMCG,Beverages,Eastern Europe,Romania,2.30836,4.58186,2.59814,
27,FMCG,Beverages,Eastern Europe,Romania,3.78126,6.06073,3.62867,
27,FMCG,Beverages,Eastern Europe,Romania,4.0265,8.87769,4.16573,
27,FMCG,Beverages,Eastern Europe,Romania,6.8278,5.92665,6.08721,
27,FMCG,Beverages,Eastern Europe,Romania,5.75574,7.87657,7.1129,
27,FMCG,Beverages,Eastern Europe,Romania,11.26597,7.1131,11.64471,
27,FMCG,Beverages,Eastern Europe,Romania,10.70325,11.06098,11.76328,
27,FMCG,Beverages,Eastern Europe,Romania,12.11539,11.54291,12.68807,
27,FMCG,Beverages,Eastern Europe,Romania,23.22119,16.97424,22.87158,
27,FMCG,Beverages,Eastern Europe,Romania,23.05556,23.05556,24.86503,
27,FMCG,Beverages,Eastern Europe,Romania,25.9223,24.07261,27.85564,
28,Automotive,Petrol or Gas,Eastern Europe,Romania,1.80781,2,1.76438,
28,Automotive,Petrol or Gas,Eastern Europe,Romania,10.77673,9,9.46017,
28,Automotive,Petrol or Gas,Eastern Europe,Romania,12.95227,10,10.43129,
28,Automotive,Petrol or Gas,Eastern Europe,Romania,20.28053,18,19.03102,
28,Automotive,Petrol or Gas,Eastern Europe,Romania,20.41339,18,19.19779,
28,Automotive,Petrol or Gas,Eastern Europe,Romania,33.768,42,40.11531,
29,Telecommunications,Mobile Handsets,Eastern Europe,Russia,0.44731,0.16997,0.16997,
29,Telecommunications,Mobile Handsets,Eastern Europe,Russia,2.35472,3.39943,3.39943,
29,Telecommunications,Mobile Handsets,Eastern Europe,Russia,4.20797,5.72238,5.72238,
29,Telecommunications,Mobile Handsets,Eastern Europe,Russia,51.59688,46.45892,46.45892,
29,Telecommunications,Mobile Handsets,Eastern Europe,Russia,22.72278,27.53541,27.53541,
29,Telecommunications,Mobile Handsets,Eastern Europe,Russia,15.78534,15.07082,15.07082,
29,Telecommunications,Mobile Handsets,Eastern Europe,Russia,2.88448,1.64306,1.64306,
30,FMCG,Personal Care,Latin America,Argentina,3.44037,6.61765,2.746,
30,FMCG,Personal Care,Latin America,Argentina,5.84862,5.39216,5.03432,
30,FMCG,Personal Care,Latin America,Argentina,4.3578,17.40196,5.14874,
30,FMCG,Personal Care,Latin America,Argentina,6.5367,3.92157,5.49199,
30,FMCG,Personal Care,Latin America,Argentina,7.68349,5.88235,5.49199,
30,FMCG,Personal Care,Latin America,Argentina,35.77982,33.82353,35.69794,
30,FMCG,Personal Care,Latin America,Argentina,36.35321,26.96078,40.38902,
31,Financial,Banking,Latin America,Brazil,0.12,0.36425,0.1,
31,Financial,Banking,Latin America,Brazil,0.13,0.66455,0.12,
31,Financial,Banking,Latin America,Brazil,0.26,0.27402,0.26,
31,Financial,Banking,Latin America,Brazil,0.36,2.48891,0.26,
31,Financial,Banking,Latin America,Brazil,0.78,1.40595,0.41,
31,Financial,Banking,Latin America,Brazil,1.57,1.04218,1.79,
31,Financial,Banking,Latin America,Brazil,1.81,2.2249,1.93,
31,Financial,Banking,Latin America,Brazil,3.8,4.63994,2.94,
31,Financial,Banking,Latin America,Brazil,10.98,8.4828,9.93,
31,Financial,Banking,Latin America,Brazil,16.16,12.13731,16.77,
31,Financial,Banking,Latin America,Brazil,20.92,21.38138,18.82,
31,Financial,Banking,Latin America,Brazil,20.76,18.92669,23.26,
31,Financial,Banking,Latin America,Brazil,22.29,25.96711,23.41,
32,Retail,Retail,Latin America,Brazil,0.38412,0.2249,0.22558,
32,Retail,Retail,Latin America,Brazil,0.56338,1.64054,0.72983,
32,Retail,Retail,Latin America,Brazil,1.37004,1.42226,0.88907,
32,Retail,Retail,Latin America,Brazil,0.78105,1.65276,0.95541,
32,Retail,Retail,Latin America,Brazil,1.03713,3.22946,1.12792,
32,Retail,Retail,Latin America,Brazil,1.15237,0.29157,1.24735,
32,Retail,Retail,Latin America,Brazil,1.29321,1.38819,1.56582,
32,Retail,Retail,Latin America,Brazil,1.80538,2.44687,2.13641,
32,Retail,Retail,Latin America,Brazil,3.21383,2.46477,3.46338,
32,Retail,Retail,Latin America,Brazil,3.46991,2.34514,3.7155,
32,Retail,Retail,Latin America,Brazil,8.61716,0.23071,8.82431,
32,Retail,Retail,Latin America,Brazil,22.97055,23.24731,20.96603,
32,Retail,Retail,Latin America,Brazil,25.07042,30.8141,24.77442,
32,Retail,Retail,Latin America,Brazil,28.27145,28.60143,29.37898,
33,Alcoholic Beverages,Spirits and Coolers,Latin America,Brazil,0.54054,0.04495,0.71301,
33,Alcoholic Beverages,Spirits and Coolers,Latin America,Brazil,1.62162,0.53599,1.24777,
33,Alcoholic Beverages,Spirits and Coolers,Latin America,Brazil,7.20721,0.14988,5.34759,
33,Alcoholic Beverages,Spirits and Coolers,Latin America,Brazil,11.89189,19.02514,14.4385,
33,Alcoholic Beverages,Spirits and Coolers,Latin America,Brazil,26.66667,2.82404,17.46881,
33,Alcoholic Beverages,Spirits and Coolers,Latin America,Brazil,52.07207,77.42,62.03209,
34,Telecommunications,Mobile Handsets,Latin America,Brazil,10.27424,8.17805,8.17805,
34,Telecommunications,Mobile Handsets,Latin America,Brazil,2.10002,1.0352,1.0352,
34,Telecommunications,Mobile Handsets,Latin America,Brazil,0.93381,0.20704,0.20704,
34,Telecommunications,Mobile Handsets,Latin America,Brazil,15.90409,16.04555,16.04555,
34,Telecommunications,Mobile Handsets,Latin America,Brazil,19.99983,20.91097,20.91097,
34,Telecommunications,Mobile Handsets,Latin America,Brazil,36.62362,37.06004,37.06004,
34,Telecommunications,Mobile Handsets,Latin America,Brazil,14.1635,16.56315,16.56315,
35,Alcoholic Beverages,Spirits and Coolers,Latin America,Mexico,0.2,0.5,0.1,
35,Alcoholic Beverages,Spirits and Coolers,Latin America,Mexico,0.8,0.2,0.6,
35,Alcoholic Beverages,Spirits and Coolers,Latin America,Mexico,1.3,1,0.9,
35,Alcoholic Beverages,Spirits and Coolers,Latin America,Mexico,1.4,3.8,1.3,
35,Alcoholic Beverages,Spirits and Coolers,Latin America,Mexico,12.2,6.3,11.8,
35,Alcoholic Beverages,Spirits and Coolers,Latin America,Mexico,19.1,7.7,11.9,
35,Alcoholic Beverages,Spirits and Coolers,Latin America,Mexico,10.3,18.5,12.3,
35,Alcoholic Beverages,Spirits and Coolers,Latin America,Mexico,15.7,19.2,17.3,
35,Alcoholic Beverages,Spirits and Coolers,Latin America,Mexico,34.8,42.8,43.8,
36,Telecommunications,Mobile Handsets,Latin America,Mexico,8.89339,10.42071,10.42071,
36,Telecommunications,Mobile Handsets,Latin America,Mexico,25.90896,19.7411,19.7411,
36,Telecommunications,Mobile Handsets,Latin America,Mexico,1.60218,3.1068,3.1068,
36,Telecommunications,Mobile Handsets,Latin America,Mexico,9.01926,7.63754,7.63754,
36,Telecommunications,Mobile Handsets,Latin America,Mexico,9.4663,12.75081,12.75081,
36,Telecommunications,Mobile Handsets,Latin America,Mexico,13.05096,14.69256,14.69256,
36,Telecommunications,Mobile Handsets,Latin America,Mexico,32.05884,31.65049,31.65049,
37,Telecommunications,Mobile Service Providers,Middle East,Iran,4.60545,1,5.50805,
37,Telecommunications,Mobile Service Providers,Middle East,Iran,11.62667,1,5.8159,
37,Telecommunications,Mobile Service Providers,Middle East,Iran,39.21547,16,24.812,
37,Telecommunications,Mobile Service Providers,Middle East,Iran,22.3238,32,25.16871,
37,Telecommunications,Mobile Service Providers,Middle East,Iran,22.23029,50,38.69545,
38,FMCG,Beverages,Middle East,Saudi Arabia,3.02176,3.53201,0.89522,
38,FMCG,Beverages,Middle East,Saudi Arabia,5.23937,3.42163,3.31132,
38,FMCG,Beverages,Middle East,Saudi Arabia,13.63385,11.92053,7.87878,
38,FMCG,Beverages,Middle East,Saudi Arabia,27.35171,26.60044,22.85244,
38,FMCG,Beverages,Middle East,Saudi Arabia,50.75341,54.52539,65.06224,
39,Retail,Retail,Middle East,Turkey,16.72795,14,14,
39,Retail,Retail,Middle East,Turkey,9.07914,12,12,
39,Retail,Retail,Middle East,Turkey,15.99333,13,13,
39,Retail,Retail,Middle East,Turkey,19.47051,10,10,
39,Retail,Retail,Middle East,Turkey,38.72944,37,37,
40,FMCG,Personal Care,North America,Canada,1.97596,2.14286,0.74985,
40,FMCG,Personal Care,North America,Canada,1.72706,4.28571,1.33838,
40,FMCG,Personal Care,North America,Canada,2.81723,3.71429,1.82855,
40,FMCG,Personal Care,North America,Canada,5.15596,1.42857,5.02025,
40,FMCG,Personal Care,North America,Canada,12.11772,6.57143,12.66099,
40,FMCG,Personal Care,North America,Canada,16.55039,11.57143,15.70956,
40,FMCG,Personal Care,North America,Canada,20.29689,28.57143,19.24206,
40,FMCG,Personal Care,North America,Canada,39.35878,41.71429,43.45037,
41,Alcoholic Beverages,Spirits and Coolers,North America,Canada,0.15765,2.91243,0.53286,
41,Alcoholic Beverages,Spirits and Coolers,North America,Canada,2.27711,2.64248,2.48668,
41,Alcoholic Beverages,Spirits and Coolers,North America,Canada,2.62743,4.27942,2.84192,
41,Alcoholic Beverages,Spirits and Coolers,North America,Canada,4.02873,3.66146,3.01954,
41,Alcoholic Beverages,Spirits and Coolers,North America,Canada,4.90454,4.15989,6.57194,
41,Alcoholic Beverages,Spirits and Coolers,North America,Canada,7.88229,3.8593,7.28242,
41,Alcoholic Beverages,Spirits and Coolers,North America,Canada,8.23262,12.18303,8.52575,
41,Alcoholic Beverages,Spirits and Coolers,North America,Canada,18.56717,13.19738,10.65719,
41,Alcoholic Beverages,Spirits and Coolers,North America,Canada,18.56717,12.3841,22.38011,
41,Alcoholic Beverages,Spirits and Coolers,North America,Canada,32.7553,40.72052,35.7016,
42,FMCG,Personal Care,North America,USA,3.00596,0.28612,1.45204,
42,FMCG,Personal Care,North America,USA,3.51804,2.14592,4.51577,
42,FMCG,Personal Care,North America,USA,9.3204,16.02289,9.47693,
42,FMCG,Personal Care,North America,USA,12.81181,7.58226,9.82221,
42,FMCG,Personal Care,North America,USA,11.43331,4.86409,9.966,
42,FMCG,Personal Care,North America,USA,16.37895,20.74392,13.94148,
42,FMCG,Personal Care,North America,USA,16.35505,19.3133,18.4837,
42,FMCG,Personal Care,North America,USA,27.17647,29.04149,32.34187,
43,Telecommunications,Mobile Handsets,North America,USA,18.3225,24.76987,24.76987,
43,Telecommunications,Mobile Handsets,North America,USA,5.55137,3.17992,3.17992,
43,Telecommunications,Mobile Handsets,North America,USA,14.06883,8.70293,8.70293,
43,Telecommunications,Mobile Handsets,North America,USA,14.72218,9.79079,9.79079,
43,Telecommunications,Mobile Handsets,North America,USA,19.03714,27.4477,27.4477,
43,Telecommunications,Mobile Handsets,North America,USA,17.97691,17.82427,17.82427,
43,Telecommunications,Mobile Handsets,North America,USA,10.32123,8.28452,8.28452,
44,Financial,Insurance,North America,USA,3.38362,2,2.89746,
44,Financial,Insurance,North America,USA,3.43409,5.4,3.67,
44,Financial,Insurance,North America,USA,5.82915,3.8,5.71885,
44,Financial,Insurance,North America,USA,6.43024,7.9,6.42796,
44,Financial,Insurance,North America,USA,6.46832,10.9,6.59809,
44,Financial,Insurance,North America,USA,16.91574,10,15.37465,
44,Financial,Insurance,North America,USA,22.11135,24.8,22.92339,
44,Financial,Insurance,North America,USA,27.09805,32.2,28.24455,
45,FMCG,Personal Care,North America,USA,0.7,0.34633,0.67524,
45,FMCG,Personal Care,North America,USA,1.6,0.15058,1.19814,
45,FMCG,Personal Care,North America,USA,1.13,0.31622,1.24802,
45,FMCG,Personal Care,North America,USA,1.71,0.76795,1.34709,
45,FMCG,Personal Care,North America,USA,1.62,1.4305,1.45724,
45,FMCG,Personal Care,North America,USA,2.36,0.2861,1.48472,
45,FMCG,Personal Care,North America,USA,2.19,1.20464,1.65485,
45,FMCG,Personal Care,North America,USA,1.91,1.31004,1.67649,
45,FMCG,Personal Care,North America,USA,2.26,3.76449,1.89575,
45,FMCG,Personal Care,North America,USA,3.43,1.55097,2.64334,
45,FMCG,Personal Care,North America,USA,4.02472,1.34016,2.9434,
45,FMCG,Personal Care,North America,USA,2.85,4.20117,3.27208,
45,FMCG,Personal Care,North America,USA,3.67,9.83283,4.25573,
45,FMCG,Personal Care,North America,USA,4.2,4.41198,4.75691,
45,FMCG,Personal Care,North America,USA,4.04,4.3668,4.80336,
45,FMCG,Personal Care,North America,USA,4.1,1.40039,5.70303,
45,FMCG,Personal Care,North America,USA,5.49,6.4448,6.12604,
45,FMCG,Personal Care,North America,USA,6.8,7.96565,8.24089,
45,FMCG,Personal Care,North America,USA,9.86,6.14364,8.34357,
45,FMCG,Personal Care,North America,USA,13.61,7.017,12.49728,
45,FMCG,Personal Care,North America,USA,20.3,24.28846,21.67361,
46,Automotive,Motor Oil,North America,USA,8.60063,6.066,6.55416,
46,Automotive,Motor Oil,North America,USA,9,7,7,
46,Automotive,Motor Oil,North America,USA,8.63137,8.63137,9.14081,
46,Automotive,Motor Oil,North America,USA,15,12,12,
46,Automotive,Motor Oil,North America,USA,18,13,17,
46,Automotive,Motor Oil,North America,USA,18,21,18,
46,Automotive,Motor Oil,North America,USA,16,19,18,
46,Automotive,Motor Oil,North America,USA,24.26497,23.80824,23.44546,
46,Automotive,Motor Oil,North America,USA,24,28,28,
46,Automotive,Motor Oil,North America,USA,33,41,42,
47,Durables and Electronics,Home Improvement,North America,USA,9.17284,6.77966,7.38309,
47,Durables and Electronics,Home Improvement,North America,USA,8.56817,27.11864,7.54587,
47,Durables and Electronics,Home Improvement,North America,USA,8,27.11864,9,
47,Durables and Electronics,Home Improvement,North America,USA,9,6.77966,10,
47,Durables and Electronics,Home Improvement,North America,USA,38,31.07345,36,
47,Durables and Electronics,Home Improvement,North America,USA,37.91013,31.07345,37.33081,
47,Durables and Electronics,Home Improvement,North America,USA,45,35.02825,45,
47,Durables and Electronics,Home Improvement,North America,USA,44.34833,35.02825,47.74035,
48,FMCG,Confectionery,North America,USA,1.98448,1.75169,1.45725,
48,FMCG,Confectionery,North America,USA,2.03787,1.48658,1.86679,
48,FMCG,Confectionery,North America,USA,2.43068,1.77224,2.17194,
48,FMCG,Confectionery,North America,USA,16.70543,28.41586,20.14472,
48,FMCG,Confectionery,North America,USA,32.72531,29.43307,27.80464,
48,FMCG,Confectionery,North America,USA,44.11623,37.14057,46.55466,
49,Telecommunications,Mobile Service Providers,Western Europe,UK,12.1551,5,7.15647,
49,Telecommunications,Mobile Service Providers,Western Europe,UK,10.32693,10.32693,7.22271,
49,Telecommunications,Mobile Service Providers,Western Europe,UK,8.66441,6,7.79424,
49,Telecommunications,Mobile Service Providers,Western Europe,UK,13.37431,18,12.47636,
49,Telecommunications,Mobile Service Providers,Western Europe,UK,16.21809,15.40559,15.96925,
49,Telecommunications,Mobile Service Providers,Western Europe,UK,17.53221,23,19.66983,
49,Telecommunications,Mobile Service Providers,Western Europe,UK,20.5973,24,24.15024,
49,Telecommunications,Mobile Service Providers,Western Europe,UK,27.67626,23,28.75295,
50,Healthcare,Over-The-Counter (OTC),Western Europe,UK,3.51944,1.625,1.05434,
50,Healthcare,Over-The-Counter (OTC),Western Europe,UK,3.70086,0.925,2.06197,
50,Healthcare,Over-The-Counter (OTC),Western Europe,UK,3.52652,1.45,3.28576,
50,Healthcare,Over-The-Counter (OTC),Western Europe,UK,3.67061,5.5,3.85384,
50,Healthcare,Over-The-Counter (OTC),Western Europe,UK,6.9898,7.4,4.88293,
50,Healthcare,Over-The-Counter (OTC),Western Europe,UK,8.59813,1.975,6.16586,
50,Healthcare,Over-The-Counter (OTC),Western Europe,UK,11.28687,8.325,7.99934,
50,Healthcare,Over-The-Counter (OTC),Western Europe,UK,6.12995,4.975,8.35,
50,Healthcare,Over-The-Counter (OTC),Western Europe,UK,14.54793,21.15,10.37268,
50,Healthcare,Over-The-Counter (OTC),Western Europe,UK,14.24601,21.3,14.01737,
50,Healthcare,Over-The-Counter (OTC),Western Europe,UK,14.57136,11.875,16.62409,
50,Healthcare,Over-The-Counter (OTC),Western Europe,UK,12.44904,18.775,16.80722,
50,Healthcare,Over-The-Counter (OTC),Western Europe,UK,28.04755,19.64477,17.73892,
50,Healthcare,Over-The-Counter (OTC),Western Europe,UK,21.71763,16.8,20.80333,
50,Healthcare,Over-The-Counter (OTC),Western Europe,UK,15.15146,19.4,22.36273,
50,Healthcare,Over-The-Counter (OTC),Western Europe,UK,31.31798,19.675,23.49621,
50,Healthcare,Over-The-Counter (OTC),Western Europe,UK,32.82209,31.96355,31.45058,
50,Healthcare,Over-The-Counter (OTC),Western Europe,UK,28.57667,38.8,37.86258,
50,Healthcare,Over-The-Counter (OTC),Western Europe,UK,39.12633,48.39084,50.80957,
51,Automotive,Motor Vehicle,Western Europe,UK,1.64,3.6,1.01,
51,Automotive,Motor Vehicle,Western Europe,UK,1.91,1.3,1.49,
51,Automotive,Motor Vehicle,Western Europe,UK,2.28,1.1,1.54,
51,Automotive,Motor Vehicle,Western Europe,UK,2.61,2.7,1.84,
51,Automotive,Motor Vehicle,Western Europe,UK,3.41,2.5,3.29,
51,Automotive,Motor Vehicle,Western Europe,UK,2.9,4.2,4,
51,Automotive,Motor Vehicle,Western Europe,UK,3.7,3.3,4.1,
51,Automotive,Motor Vehicle,Western Europe,UK,4.67,4.2,4.39,
51,Automotive,Motor Vehicle,Western Europe,UK,6.2,4.6,5.1,
51,Automotive,Motor Vehicle,Western Europe,UK,5.2,6.2,5.4,
51,Automotive,Motor Vehicle,Western Europe,UK,7.1,5.7,6.2,
51,Automotive,Motor Vehicle,Western Europe,UK,4.4,4.7,6.4,
51,Automotive,Motor Vehicle,Western Europe,UK,7.3,8.4,6.64,
51,Automotive,Motor Vehicle,Western Europe,UK,9.1,8.2,7.3,
51,Automotive,Motor Vehicle,Western Europe,UK,9.92,7.5,8.7,
51,Automotive,Motor Vehicle,Western Europe,UK,8.95,6.7,11.07,
51,Automotive,Motor Vehicle,Western Europe,UK,8.3,15.5,11.6,
51,Automotive,Motor Vehicle,Western Europe,UK,15.86,12.4,12.31,
51,Automotive,Motor Vehicle,Western Europe,UK,9.9,16.3,15.5,
51,Automotive,Motor Vehicle,Western Europe,UK,14.77,21,18.09,
51,Automotive,Motor Vehicle,Western Europe,UK,21.07,23.7,24.6,
52,Healthcare,Prescriptions,Western Europe,UK,10.74045,3.66413,3.88284,
52,Healthcare,Prescriptions,Western Europe,UK,9.77134,2.85881,4.91493,
52,Healthcare,Prescriptions,Western Europe,UK,16.72537,5.88381,8.88761,
52,Healthcare,Prescriptions,Western Europe,UK,29.34522,36.79098,34.28701,
52,Healthcare,Prescriptions,Western Europe,UK,33.4191,50.80228,48.02806,
53,Services,Vehicle Services,Western Europe,UK,3,1,1,
53,Services,Vehicle Services,Western Europe,UK,4,0,2,
53,Services,Vehicle Services,Western Europe,UK,5,1,3,
53,Services,Vehicle Services,Western Europe,UK,7,4,4,
53,Services,Vehicle Services,Western Europe,UK,15,16,15,
53,Services,Vehicle Services,Western Europe,UK,31,33,34,
53,Services,Vehicle Services,Western Europe,UK,34,45,40,
54,FMCG,Personal Care,Western Europe,UK,0.6246,1.23596,0.34601,
54,FMCG,Personal Care,Western Europe,UK,1.11818,1.23596,0.3878,
54,FMCG,Personal Care,Western Europe,UK,0.70393,0.89888,0.53879,
54,FMCG,Personal Care,Western Europe,UK,1.67391,3.70787,0.66262,
54,FMCG,Personal Care,Western Europe,UK,2.47824,0.5618,1.74135,
54,FMCG,Personal Care,Western Europe,UK,2.32562,1.79775,1.96291,
54,FMCG,Personal Care,Western Europe,UK,2.99735,0.78652,2.18537,
54,FMCG,Personal Care,Western Europe,UK,7.1277,3.70787,7.15614,
54,FMCG,Personal Care,Western Europe,UK,10.03183,7.97753,7.74773,
54,FMCG,Personal Care,Western Europe,UK,6.01268,5.16854,8.39635,
54,FMCG,Personal Care,Western Europe,UK,17.46131,24.38202,17.60103,
54,FMCG,Personal Care,Western Europe,UK,22.535,24.60674,22.77361,
54,FMCG,Personal Care,Western Europe,UK,24.90966,23.93258,28.50029,
55,Alcoholic Beverages,Spirits and Coolers,Western Europe,UK,0.13532,0.34104,0.13089,
55,Alcoholic Beverages,Spirits and Coolers,Western Europe,UK,0.27064,0.00079,0.13089,
55,Alcoholic Beverages,Spirits and Coolers,Western Europe,UK,1.35318,0.22244,1.04712,
55,Alcoholic Beverages,Spirits and Coolers,Western Europe,UK,2.57104,0.59079,1.17801,
55,Alcoholic Beverages,Spirits and Coolers,Western Europe,UK,1.35318,0.25601,1.43979,
55,Alcoholic Beverages,Spirits and Coolers,Western Europe,UK,2.30041,5.3904,1.96335,
55,Alcoholic Beverages,Spirits and Coolers,Western Europe,UK,2.30041,0.15194,1.96335,
55,Alcoholic Beverages,Spirits and Coolers,Western Europe,UK,2.02977,2.84078,2.22513,
55,Alcoholic Beverages,Spirits and Coolers,Western Europe,UK,2.43572,0.63441,2.35602,
55,Alcoholic Beverages,Spirits and Coolers,Western Europe,UK,1.75913,1.5755,2.74869,
55,Alcoholic Beverages,Spirits and Coolers,Western Europe,UK,4.73613,2.70447,3.79581,
55,Alcoholic Beverages,Spirits and Coolers,Western Europe,UK,4.46549,3.60976,5.62827,
55,Alcoholic Beverages,Spirits and Coolers,Western Europe,UK,8.38972,13.54743,7.98429,
55,Alcoholic Beverages,Spirits and Coolers,Western Europe,UK,11.23139,15.35435,11.64921,
55,Alcoholic Beverages,Spirits and Coolers,Western Europe,UK,17.72666,2.21906,13.48168,
55,Alcoholic Beverages,Spirits and Coolers,Western Europe,UK,36.94181,50.50448,42.27749,
56,Telecommunications,Mobile Handsets,Western Europe,UK,6.44976,5.87544,5.87544,
56,Telecommunications,Mobile Handsets,Western Europe,UK,6.08058,3.87779,3.87779,
56,Telecommunications,Mobile Handsets,Western Europe,UK,28.97409,35.01763,35.01763,
56,Telecommunications,Mobile Handsets,Western Europe,UK,17.60503,23.9718,23.9718,
56,Telecommunications,Mobile Handsets,Western Europe,UK,14.54821,17.74383,17.74383,
56,Telecommunications,Mobile Handsets,Western Europe,UK,14.74768,9.16569,9.16569,
56,Telecommunications,Mobile Handsets,Western Europe,UK,11.59515,4.34783,4.34783,
57,Telecommunications,Mobile Service Providers,Western Europe,UK,3.6,2.1,2.3,
57,Telecommunications,Mobile Service Providers,Western Europe,UK,6.7,5.2,5.1,
57,Telecommunications,Mobile Service Providers,Western Europe,UK,5.8,6.7,5.6,
57,Telecommunications,Mobile Service Providers,Western Europe,UK,8.4,7.1,7.8,
57,Telecommunications,Mobile Service Providers,Western Europe,UK,12.6,11.3,13.5,
57,Telecommunications,Mobile Service Providers,Western Europe,UK,14.1,18,14.1,
57,Telecommunications,Mobile Service Providers,Western Europe,UK,22.9,23.6,24.3,
57,Telecommunications,Mobile Service Providers,Western Europe,UK,26,26,27.2,
58,Retail,Retail,Western Europe,Belgium,5,7,5,
58,Retail,Retail,Western Europe,Belgium,15,17,16,
58,Retail,Retail,Western Europe,Belgium,18,17,16,
58,Retail,Retail,Western Europe,Belgium,16.75131,12.4,16.03878,
58,Retail,Retail,Western Europe,Belgium,18,20,20,
58,Retail,Retail,Western Europe,Belgium,43,38,44,
59,Retail,Retail,Western Europe,France,1.17267,1.4,0.5293,
59,Retail,Retail,Western Europe,France,1.26788,1.5,0.5598,
59,Retail,Retail,Western Europe,France,14.92792,13.7,15.54799,
60,Alcoholic Beverages,Spirits and Coolers,Western Europe,France,0.71721,0.27755,0.5123,
60,Alcoholic Beverages,Spirits and Coolers,Western Europe,France,0.81967,0.15265,0.71721,
60,Alcoholic Beverages,Spirits and Coolers,Western Europe,France,1.02459,0.33306,0.71721,
60,Alcoholic Beverages,Spirits and Coolers,Western Europe,France,1.53689,1.1657,1.22951,
60,Alcoholic Beverages,Spirits and Coolers,Western Europe,France,1.84426,0.26367,1.43443,
60,Alcoholic Beverages,Spirits and Coolers,Western Europe,France,1.84426,0.38857,1.53689,
60,Alcoholic Beverages,Spirits and Coolers,Western Europe,France,1.84426,1.55426,1.7418,
60,Alcoholic Beverages,Spirits and Coolers,Western Europe,France,2.97131,1.1657,2.15164,
60,Alcoholic Beverages,Spirits and Coolers,Western Europe,France,3.27869,0.04163,2.2541,
60,Alcoholic Beverages,Spirits and Coolers,Western Europe,France,3.48361,0.59672,2.76639,
60,Alcoholic Beverages,Spirits and Coolers,Western Europe,France,4.40574,8.32639,4.81557,
60,Alcoholic Beverages,Spirits and Coolers,Western Europe,France,5.32787,2.13711,5.12295,
60,Alcoholic Beverages,Spirits and Coolers,Western Europe,France,4.61066,6.27255,5.32787,
60,Alcoholic Beverages,Spirits and Coolers,Western Europe,France,7.27459,0.72162,5.84016,
60,Alcoholic Beverages,Spirits and Coolers,Western Europe,France,5.43033,12.10103,6.55738,
60,Alcoholic Beverages,Spirits and Coolers,Western Europe,France,6.86475,6.10602,7.78689,
60,Alcoholic Beverages,Spirits and Coolers,Western Europe,France,8.19672,7.43825,8.09426,
60,Alcoholic Beverages,Spirits and Coolers,Western Europe,France,8.40164,6.82764,9.22131,
60,Alcoholic Beverages,Spirits and Coolers,Western Europe,France,9.32377,19.0952,10.34836,
60,Alcoholic Beverages,Spirits and Coolers,Western Europe,France,11.06557,10.60228,10.65574,
60,Alcoholic Beverages,Spirits and Coolers,Western Europe,France,9.73361,14.43242,11.16803,
61,Automotive,Motor Vehicle,Western Europe,Germany,5.90778,1.07527,3.17662,
61,Automotive,Motor Vehicle,Western Europe,Germany,4.32277,2.86738,4.06607,
61,Automotive,Motor Vehicle,Western Europe,Germany,4.17867,1.79211,4.06607,
61,Automotive,Motor Vehicle,Western Europe,Germany,5.33141,3.04659,4.95553,
61,Automotive,Motor Vehicle,Western Europe,Germany,6.62824,3.40502,5.59085,
61,Automotive,Motor Vehicle,Western Europe,Germany,6.05187,2.32975,6.09911,
61,Automotive,Motor Vehicle,Western Europe,Germany,10.80692,9.49821,6.35324,
61,Automotive,Motor Vehicle,Western Europe,Germany,5.04323,6.98925,7.75095,
61,Automotive,Motor Vehicle,Western Europe,Germany,11.38329,6.2724,9.0216,
61,Automotive,Motor Vehicle,Western Europe,Germany,12.68012,6.45161,10.16518,
61,Automotive,Motor Vehicle,Western Europe,Germany,7.06052,11.29032,10.16518,
61,Automotive,Motor Vehicle,Western Europe,Germany,8.35735,17.38351,11.94409,
61,Automotive,Motor Vehicle,Western Europe,Germany,12.24784,27.59857,16.64549,
62,Alcoholic Beverages,Spirits and Coolers,Western Europe,Germany,1.2,2.91721,0.9,
62,Alcoholic Beverages,Spirits and Coolers,Western Europe,Germany,1.2,0.17604,1,
62,Alcoholic Beverages,Spirits and Coolers,Western Europe,Germany,1.3,0.22634,1,
62,Alcoholic Beverages,Spirits and Coolers,Western Europe,Germany,1.3,0.22634,1,
62,Alcoholic Beverages,Spirits and Coolers,Western Europe,Germany,1,0.11568,1.1,
62,Alcoholic Beverages,Spirits and Coolers,Western Europe,Germany,1.7,0.31184,1.4,
62,Alcoholic Beverages,Spirits and Coolers,Western Europe,Germany,1.6,1.20712,1.4,
62,Alcoholic Beverages,Spirits and Coolers,Western Europe,Germany,2.4,2.61543,1.9,
62,Alcoholic Beverages,Spirits and Coolers,Western Europe,Germany,2.8,3.04295,2.9,
62,Alcoholic Beverages,Spirits and Coolers,Western Europe,Germany,4.3,4.6273,3,
62,Alcoholic Beverages,Spirits and Coolers,Western Europe,Germany,3.7,1.5592,3.7,
62,Alcoholic Beverages,Spirits and Coolers,Western Europe,Germany,7.7,1.10653,5.9,
62,Alcoholic Beverages,Spirits and Coolers,Western Europe,Germany,7,10.05935,6.3,
62,Alcoholic Beverages,Spirits and Coolers,Western Europe,Germany,6.8,7.67528,6.6,
62,Alcoholic Beverages,Spirits and Coolers,Western Europe,Germany,8.5,4.53174,9,
62,Alcoholic Beverages,Spirits and Coolers,Western Europe,Germany,12.1,11.06529,11.2,
62,Alcoholic Beverages,Spirits and Coolers,Western Europe,Germany,11.9,10.05935,11.8,
62,Alcoholic Beverages,Spirits and Coolers,Western Europe,Germany,23.5,38.47701,30,
63,Telecommunications,Mobile Handsets,Western Europe,Germany,16.75803,18.9899,18.9899,
63,Telecommunications,Mobile Handsets,Western Europe,Germany,19.84885,21.0101,21.0101,
63,Telecommunications,Mobile Handsets,Western Europe,Germany,11.43742,4.24242,4.24242,
63,Telecommunications,Mobile Handsets,Western Europe,Germany,6.13412,2.42424,2.42424,
63,Telecommunications,Mobile Handsets,Western Europe,Germany,8.37982,6.06061,6.06061,
63,Telecommunications,Mobile Handsets,Western Europe,Germany,7.26865,9.69697,9.69697,
63,Telecommunications,Mobile Handsets,Western Europe,Germany,30.17294,37.57576,37.57576,
64,Alcoholic Beverages,Spirits and Coolers,Western Europe,Greece,1.1194,0.6819,1.71233,
64,Alcoholic Beverages,Spirits and Coolers,Western Europe,Greece,1.86567,0.15485,1.71233,
64,Alcoholic Beverages,Spirits and Coolers,Western Europe,Greece,7.08955,15.37337,7.87671,
64,Alcoholic Beverages,Spirits and Coolers,Western Europe,Greece,11.19403,9.54728,12.32877,
64,Alcoholic Beverages,Spirits and Coolers,Western Europe,Greece,33.95522,17.48012,28.76712,
64,Alcoholic Beverages,Spirits and Coolers,Western Europe,Greece,44.77612,56.76247,47.60274,
65,Retail,Retail,Western Europe,Italy,2,0.7,1,
65,Retail,Retail,Western Europe,Italy,3,1.5,2,
65,Retail,Retail,Western Europe,Italy,5,3.2,5,
65,Retail,Retail,Western Europe,Italy,4.35233,4.46559,4.46559,
65,Retail,Retail,Western Europe,Italy,5.26973,5.41692,5.41692,
65,Retail,Retail,Western Europe,Italy,6.45837,4.25199,4.25199,
65,Retail,Retail,Western Europe,Italy,13.91298,9.33489,9.33489,
65,Retail,Retail,Western Europe,Italy,3.46459,2.26074,2.26074,
65,Retail,Retail,Western Europe,Italy,3.30118,2.10265,2.10265,
65,Retail,Retail,Western Europe,Italy,3.24388,2.50096,2.50096,
65,Retail,Retail,Western Europe,Italy,2.36436,3.53501,3.53501,
65,Retail,Retail,Western Europe,Italy,8.96673,6.16723,6.16723,
65,Retail,Retail,Western Europe,Italy,7.41828,11.52798,11.52798,
65,Retail,Retail,Western Europe,Italy,9.32711,14.72887,14.72887,
65,Retail,Retail,Western Europe,Italy,4.63666,6.9816,6.9816,
65,Retail,Retail,Western Europe,Italy,8.93138,10.55475,10.55475,
65,Retail,Retail,Western Europe,Italy,5.09889,6.07249,6.07249,
65,Retail,Retail,Western Europe,Italy,10.07191,7.06998,7.06998,
65,Retail,Retail,Western Europe,Italy,2.88409,3.02829,3.02829,
66,Alcoholic Beverages,Spirits and Coolers,Western Europe,Italy,1.72911,0.32345,0.09637,
66,Alcoholic Beverages,Spirits and Coolers,Western Europe,Italy,0.88945,1.55835,0.60168,
66,Alcoholic Beverages,Spirits and Coolers,Western Europe,Italy,0.63532,0.4125,0.60168,
66,Alcoholic Beverages,Spirits and Coolers,Western Europe,Italy,1.27065,0,1.08303,
66,Alcoholic Beverages,Spirits and Coolers,Western Europe,Italy,1.27065,0.64167,1.20337,
66,Alcoholic Beverages,Spirits and Coolers,Western Europe,Italy,1.65184,1.10001,1.44404,
66,Alcoholic Beverages,Spirits and Coolers,Western Europe,Italy,2.41423,2.20002,1.68472,
66,Alcoholic Beverages,Spirits and Coolers,Western Europe,Italy,2.1601,1.37501,2.04573,
66,Alcoholic Beverages,Spirits and Coolers,Western Europe,Italy,2.5413,1.05418,2.40674,
66,Alcoholic Beverages,Spirits and Coolers,Western Europe,Italy,2.79543,0.82501,2.76775,
66,Alcoholic Beverages,Spirits and Coolers,Western Europe,Italy,5.20966,0.82501,3.48977,
66,Alcoholic Beverages,Spirits and Coolers,Western Europe,Italy,3.55781,0.68751,3.48977,
66,Alcoholic Beverages,Spirits and Coolers,Western Europe,Italy,3.30368,10.26675,3.48977,
66,Alcoholic Beverages,Spirits and Coolers,Western Europe,Italy,4.44727,2.36502,4.09146,
66,Alcoholic Beverages,Spirits and Coolers,Western Europe,Italy,5.59085,2.48419,4.33213,
66,Alcoholic Beverages,Spirits and Coolers,Western Europe,Italy,6.8615,3.20836,6.97954,
66,Alcoholic Beverages,Spirits and Coolers,Western Europe,Italy,9.78399,10.90842,8.66426,
66,Alcoholic Beverages,Spirits and Coolers,Western Europe,Italy,10.08646,2.10531,10.60071,
66,Alcoholic Beverages,Spirits and Coolers,Western Europe,Italy,9.0216,0.87084,11.071,
66,Alcoholic Beverages,Spirits and Coolers,Western Europe,Italy,15.85014,12.45629,12.52811,
66,Alcoholic Beverages,Spirits and Coolers,Western Europe,Italy,11.52738,21.07002,13.81304,
66,Alcoholic Beverages,Spirits and Coolers,Western Europe,Italy,17.86744,18.75355,16.38291,
66,Alcoholic Beverages,Spirits and Coolers,Western Europe,Italy,17.02668,28.78357,19.61492,
66,Alcoholic Beverages,Spirits and Coolers,Western Europe,Italy,19.56798,30.43359,20.93863,
66,Alcoholic Beverages,Spirits and Coolers,Western Europe,Italy,21.32565,17.4985,21.84388,
66,Alcoholic Beverages,Spirits and Coolers,Western Europe,Italy,21.61383,27.79287,24.73498,
67,Alcoholic Beverages,Beer,Western Europe,Netherlands,3.1,1.1,2.4,
67,Alcoholic Beverages,Beer,Western Europe,Netherlands,3.6,1.6,3.1,
67,Alcoholic Beverages,Beer,Western Europe,Netherlands,4,2.3,3.5,
67,Alcoholic Beverages,Beer,Western Europe,Netherlands,5.3,1.9,4.4,
67,Alcoholic Beverages,Beer,Western Europe,Netherlands,6,2.3,5.9,
67,Alcoholic Beverages,Beer,Western Europe,Netherlands,5.9,7.9,7.1,
67,Alcoholic Beverages,Beer,Western Europe,Netherlands,10.7,4.1,9.1,
67,Alcoholic Beverages,Beer,Western Europe,Netherlands,12.8,15.5,13.7,
67,Alcoholic Beverages,Beer,Western Europe,Netherlands,15.9,14.2,16,
67,Alcoholic Beverages,Beer,Western Europe,Netherlands,17.6,18.1,18.4,
68,Media,Newspapers,Western Europe,Spain,20,20,20,
68,Media,Newspapers,Western Europe,Spain,22,22,22,
68,Media,Newspapers,Western Europe,Spain,26,26,26,
68,Media,Newspapers,Western Europe,Spain,32,33,33,
68,Media,Newspapers,Western Europe,Spain,20,16,16,
68,Media,Newspapers,Western Europe,Spain,24,24,24,
68,Media,Newspapers,Western Europe,Spain,21,27,27,
68,Media,Newspapers,Western Europe,Spain,35,34,34,
69,FMCG,Beverages,Western Europe,Spain,0.35452,0.0562,0.21752,
69,FMCG,Beverages,Western Europe,Spain,0.32385,1.04985,0.2387,
69,FMCG,Beverages,Western Europe,Spain,0.79163,0.10485,0.48034,
69,FMCG,Beverages,Western Europe,Spain,1.13341,0.13597,0.63618,
69,FMCG,Beverages,Western Europe,Spain,1.89788,0.48138,1.2188,
69,FMCG,Beverages,Western Europe,Spain,2.32977,1.02682,1.79713,
69,FMCG,Beverages,Western Europe,Spain,2.89055,1.37532,2.15214,
69,FMCG,Beverages,Western Europe,Spain,3.33262,4.56999,2.79144,
69,FMCG,Beverages,Western Europe,Spain,4.05805,5.84835,3.21316,
69,FMCG,Beverages,Western Europe,Spain,4.33197,2.04881,3.8307,
69,FMCG,Beverages,Western Europe,Spain,4.53919,1.58703,3.86242,
69,FMCG,Beverages,Western Europe,Spain,6.68476,5.87073,6.15257,
69,FMCG,Beverages,Western Europe,Spain,10.0747,4.77756,8.21452,
69,FMCG,Beverages,Western Europe,Spain,7.51212,12.80704,8.25038,
69,FMCG,Beverages,Western Europe,Spain,8.22263,2.78607,8.5976,
69,FMCG,Beverages,Western Europe,Spain,41.52023,55.47405,48.3497,
70,Alcoholic Beverages,Spirits and Coolers,Western Europe,Spain,0.3,0.39685,0.2,
70,Alcoholic Beverages,Spirits and Coolers,Western Europe,Spain,0.3,0.57046,0.2,
70,Alcoholic Beverages,Spirits and Coolers,Western Europe,Spain,0.8,0.05457,0.3,
70,Alcoholic Beverages,Spirits and Coolers,Western Europe,Spain,0.6,0.07441,0.4,
70,Alcoholic Beverages,Spirits and Coolers,Western Europe,Spain,0.5,0.55558,0.4,
70,Alcoholic Beverages,Spirits and Coolers,Western Europe,Spain,0.8,0.42661,0.6,
70,Alcoholic Beverages,Spirits and Coolers,Western Europe,Spain,1.3,0.12897,0.6,
70,Alcoholic Beverages,Spirits and Coolers,Western Europe,Spain,1.3,0.62007,0.6,
70,Alcoholic Beverages,Spirits and Coolers,Western Europe,Spain,0.9,0.99211,0.7,
70,Alcoholic Beverages,Spirits and Coolers,Western Europe,Spain,1.4,0.2639,0.9,
70,Alcoholic Beverages,Spirits and Coolers,Western Europe,Spain,1.9,0.3016,1,
70,Alcoholic Beverages,Spirits and Coolers,Western Europe,Spain,2.1,2.28186,1.4,
70,Alcoholic Beverages,Spirits and Coolers,Western Europe,Spain,2.4,3.02594,1.8,
70,Alcoholic Beverages,Spirits and Coolers,Western Europe,Spain,2.8,1.11613,2,
70,Alcoholic Beverages,Spirits and Coolers,Western Europe,Spain,3.4,1.68659,3.5,
70,Alcoholic Beverages,Spirits and Coolers,Western Europe,Spain,5.2,1.7362,5.1,
70,Alcoholic Beverages,Spirits and Coolers,Western Europe,Spain,9.5,0.54566,5.3,
70,Alcoholic Beverages,Spirits and Coolers,Western Europe,Spain,6.2,7.9369,8.2,
70,Alcoholic Beverages,Spirits and Coolers,Western Europe,Spain,6.9,1.68659,8.6,
70,Alcoholic Beverages,Spirits and Coolers,Western Europe,Spain,12.4,15.12972,10.5,
70,Alcoholic Beverages,Spirits and Coolers,Western Europe,Spain,11.9,10.71482,12,
70,Alcoholic Beverages,Spirits and Coolers,Western Europe,Spain,11.7,36.36093,17.7,
70,Alcoholic Beverages,Spirits and Coolers,Western Europe,Spain,15.4,13.39352,17.9,
71,FMCG,Oils and Spices,Western Europe,Sweden,9.4,4.10959,5.4,
71,FMCG,Oils and Spices,Western Europe,Sweden,14.9,2.73973,9.1,
71,FMCG,Oils and Spices,Western Europe,Sweden,22.8,19.17808,18.8,
71,FMCG,Oils and Spices,Western Europe,Sweden,52.8,73.9726,66.8,
72,FMCG,Dairy,Western Europe,Sweden,2,3.71772,3.71772,
72,FMCG,Dairy,Western Europe,Sweden,2,4.2267,4.2267,
72,FMCG,Dairy,Western Europe,Sweden,1,2.7885,2.7885,
72,FMCG,Dairy,Western Europe,Sweden,7,4.03585,4.03585,
72,FMCG,Dairy,Western Europe,Sweden,7,7.23329,7.23329,
72,FMCG,Dairy,Western Europe,Sweden,4,1.40702,1.40702,
72,FMCG,Dairy,Western Europe,Sweden,5,5.65496,5.65496,
72,FMCG,Dairy,Western Europe,Sweden,4,3.5548,3.5548,
72,FMCG,Dairy,Western Europe,Sweden,3,7.23911,7.23911,
72,FMCG,Dairy,Western Europe,Sweden,16,33.26778,33.26778,
72,FMCG,Dairy,Western Europe,Sweden,11,9.66032,9.66032,
72,FMCG,Dairy,Western Europe,Sweden,10,9.33807,9.33807,
72,FMCG,Dairy,Western Europe,Sweden,10,2.44879,2.44879,
72,FMCG,Dairy,Western Europe,Sweden,8,3.83541,3.83541,
72,FMCG,Dairy,Western Europe,Sweden,7,1.59169,1.59169,
72,FMCG,Dairy,Western Europe,Sweden,64,66.21365,66.21365,
72,FMCG,Dairy,Western Europe,Sweden,11,21.72241,21.72241,
72,FMCG,Dairy,Western Europe,Sweden,11,7.1363,7.1363,
72,FMCG,Dairy,Western Europe,Sweden,8,0.70216,0.70216,
72,FMCG,Dairy,Western Europe,Sweden,3,3.6377,3.6377,
72,FMCG,Dairy,Western Europe,Sweden,2,0.58778,0.58778,
73,Alcoholic Beverages,Spirits and Coolers,Western Europe,Sweden,1.78332,2.16963,1.89753,
73,Alcoholic Beverages,Spirits and Coolers,Western Europe,Sweden,2.40603,2.95858,2.46679,
73,Alcoholic Beverages,Spirits and Coolers,Western Europe,Sweden,20.88511,12.42604,15.74953,
73,Alcoholic Beverages,Spirits and Coolers,Western Europe,Sweden,17.81969,22.68245,21.63188,
73,Alcoholic Beverages,Spirits and Coolers,Western Europe,Sweden,57.10585,59.76331,58.25427,
74,Financial,Payment Methods,North America,Canada,11.3,12.94,5,4.8
74,Financial,Payment Methods,North America,Canada,13.8,2.91,8,7.5
74,Financial,Payment Methods,North America,Canada,29.6,25.48,27.1,27
74,Financial,Payment Methods,North America,Canada,45.2,58.66,59.9,60.7
75,Telecommunications,Mobile Service Providers,Asia,Thailand,25.6,25,25.6,26.3
75,Telecommunications,Mobile Service Providers,Asia,Thailand,34.2,30,34.4,35.2
75,Telecommunications,Mobile Service Providers,Asia,Thailand,40.2,45,40,38.5
76,Telecommunications,Mobile Service Providers,Middle East,Turkey,19.9,19,19.3,19.7
76,Telecommunications,Mobile Service Providers,Middle East,Turkey,31.9,31,30.4,30.2
76,Telecommunications,Mobile Service Providers,Middle East,Turkey,48.1,50,50.2,50.1
77,Automotive,Motor Vehicle,Asia,India,1,0.43,0.43,
77,Automotive,Motor Vehicle,Asia,India,0.68,0.63,0.63,
77,Automotive,Motor Vehicle,Asia,India,5.54,3.47,3.47,
77,Automotive,Motor Vehicle,Asia,India,5.25,2,2,
77,Automotive,Motor Vehicle,Asia,India,3.63,4.28,4.28,
77,Automotive,Motor Vehicle,Asia,India,3.52,1.32,1.32,
77,Automotive,Motor Vehicle,Asia,India,1.72,0.87,0.87,
77,Automotive,Motor Vehicle,Asia,India,1.66,3.57,3.57,
77,Automotive,Motor Vehicle,Asia,India,34.64,47.69,47.69,
77,Automotive,Motor Vehicle,Asia,India,21.43,21.37,21.37,
77,Automotive,Motor Vehicle,Asia,India,8.15,3.92,3.92,
77,Automotive,Motor Vehicle,Asia,India,7.04,6.79,6.79,
77,Automotive,Motor Vehicle,Asia,India,5.74,3.64,3.64,
78,Retail,,Western Europe,UK,1.7,1.2,0.9,1
78,Retail,,Western Europe,UK,2.4,2.4,1.3,2
78,Retail,,Western Europe,UK,4.6,2.4,2.5,3
78,Retail,,Western Europe,UK,4.4,2.4,2.6,3.7
78,Retail,,Western Europe,UK,4,1.2,2.9,3.4
78,Retail,,Western Europe,UK,5.7,4.8,3.5,2.1
78,Retail,,Western Europe,UK,8.6,6,4.1,3.1
78,Retail,,Western Europe,UK,6,6,4.3,4.7
78,Retail,,Western Europe,UK,12.5,14.5,13,12.6
78,Retail,,Western Europe,UK,14.7,15.7,16.9,16.6
78,Retail,,Western Europe,UK,14.4,15.7,18.1,18.3
78,Retail,,Western Europe,UK,21,27.7,29.9,29.5
79,FMCG,Beverages,Asia,Thailand,3.5,7,1.1,2
79,FMCG,Beverages,Asia,Thailand,19.7,15,19,18
79,FMCG,Beverages,Asia,Thailand,37.5,26,36,39
79,FMCG,Beverages,Asia,Thailand,39.3,51,43.9,41
80,Electronics,,North America,USA,0.8,0,0.7,0.6
80,Electronics,,North America,USA,0.9,0,0.7,0.6
80,Electronics,,North America,USA,1.7,0,0.9,0.6
80,Electronics,,North America,USA,2.1,1,1,0.6
80,Electronics,,North America,USA,2.9,4,2.1,1.9
80,Electronics,,North America,USA,3.5,4,3.6,3.7
80,Electronics,,North America,USA,4.5,3,3.6,3.4
80,Electronics,,North America,USA,4.6,3,3.7,3.4
80,Electronics,,North America,USA,3.9,4,3.9,3.9
80,Durables and Electronics,Home Appliances,North America,USA,5,6,4.8,4.9
80,Durables and Electronics,Home Appliances,North America,USA,5.6,5,5,4.9
80,Electronics,,North America,USA,11,5,6,5
80,Durables and Electronics,Home Appliances,North America,USA,7,6,6.1,5.9
80,Electronics,,North America,USA,7.8,7,7.6,7.5
80,Electronics,,North America,USA,9,10,9.2,9.3
80,Durables and Electronics,Home Appliances,North America,USA,11.6,11,11.3,11.4
80,Durables and Electronics,Home Appliances,North America,USA,12.2,12,12.1,11.9
80,Electronics,,North America,USA,15.2,17,16.7,17.4
80,Durables and Electronics,Home Appliances,North America,USA,16,17,16.8,16.7
80,Durables and Electronics,Home Appliances,North America,USA,19,18,18.3,18.1
80,Electronics,,North America,USA,16.5,19,18.4,18.6
80,Electronics,,North America,USA,17.4,15,18.5,18.8
80,Electronics,,North America,USA,19.3,19,18.9,18.7
80,Durables and Electronics,Home Appliances,North America,USA,23.6,24,25.5,26.2
80,Electronics,,North America,USA,35.2,39,38.4,39
80,Electronics,,North America,USA,43.5,48,46,46.9
81,Telecommunications,Mobile Handsets,Africa,Algeria,6.98887,6,6.25017,6.62368
81,Telecommunications,Mobile Handsets,Africa,Algeria,24.42353,25,23.53269,24.32863
81,Telecommunications,Mobile Handsets,Africa,Algeria,29.7461,22,27.91144,25.20581
81,Telecommunications,Mobile Handsets,Africa,Algeria,38.84146,47,42.3057,43.84169
119,Financial,Banking,Africa,Nigeria,2.43,15.6,2.41,2.53299
119,Financial,Banking,Africa,Nigeria,2.55,2.5,2.58,2.77842
119,Financial,Banking,Africa,Nigeria,6.24,3.9,4.19,3.47258
119,Financial,Banking,Africa,Nigeria,9.51,3.6,8.8,8.34201
119,Financial,Banking,Africa,Nigeria,8.02,5.8,8.81,8.8907
119,Financial,Banking,Africa,Nigeria,8.28,6.3,9.53,10.06061
119,Financial,Banking,Africa,Nigeria,10.37,8.3,10.72,11.55187
119,Financial,Banking,Africa,Nigeria,11.09,12.1,11.59,12.01848
119,Financial,Banking,Africa,Nigeria,19.46,13.4,19.3,18.12301
119,Financial,Banking,Africa,Nigeria,22.04,28.5,22.07,22.22933
120,Alcoholic Beverages,Beer,Asia,Thailand,46.78,68,68,
120,Alcoholic Beverages,Beer,Asia,Thailand,25.59,27,27,
120,Alcoholic Beverages,Beer,Asia,Thailand,13.84,3,3,
120,Alcoholic Beverages,Beer,Asia,Thailand,7.35,1,1,
120,Alcoholic Beverages,Beer,Asia,Thailand,6.44,1,1,
121,FMCG,Personal Care,Western Europe,UK,5.33684,3.32656,0.62109,
121,FMCG,Personal Care,Eastern Europe,Russia,3.2209,0.1,1.47143,1.17
121,FMCG,Personal Care,Eastern Europe,Russia,4.98229,3.13254,1.81319,
121,FMCG,Personal Care,Western Europe,France,2.39592,2.0271,1.89005,
121,FMCG,Personal Care,Eastern Europe,Russia,3.0489,2.8,1.91056,2.07
121,FMCG,Personal Care,Western Europe,France,8.31302,3.57789,1.95913,
121,FMCG,Personal Care,Western Europe,France,4.59933,3.33268,2.1429,
121,FMCG,Personal Care,Western Europe,France,8.82701,9.39982,3.51432,
121,FMCG,Personal Care,Eastern Europe,Russia,7.01318,4.20938,3.59556,
121,FMCG,Personal Care,Western Europe,UK,14.72883,12.55026,5.4464,
121,FMCG,Personal Care,Western Europe,France,7.10208,7.7459,6.27206,
121,FMCG,Personal Care,Western Europe,UK,7.01747,6.77553,7.09442,
121,FMCG,Personal Care,Western Europe,France,6.77936,7.20455,7.89269,
121,FMCG,Personal Care,Eastern Europe,Russia,11.41168,6.1058,8.00018,
121,FMCG,Personal Care,Western Europe,France,15.65543,17.20714,8.44495,
121,FMCG,Personal Care,Eastern Europe,Russia,4.28447,2.49578,8.53861,
121,FMCG,Personal Care,Western Europe,UK,10.28426,9.17993,9.00035,
121,FMCG,Personal Care,Western Europe,France,13.48031,16.41938,9.84807,
121,FMCG,Personal Care,Western Europe,UK,9.49958,11.73129,9.93263,
121,FMCG,Personal Care,Eastern Europe,Russia,16.72258,15.45784,12.89296,
121,FMCG,Personal Care,Western Europe,UK,17.08546,13.35895,14.71683,
121,FMCG,Personal Care,Eastern Europe,Russia,17.25076,13.9,16.17034,17.14
121,FMCG,Personal Care,Eastern Europe,Russia,17.95224,4.7,16.60139,18.06
121,FMCG,Personal Care,Western Europe,France,32.84769,33.08554,32.24718,
121,FMCG,Personal Care,Western Europe,UK,36.04794,43.07733,32.57271,
121,FMCG,Personal Care,Eastern Europe,Russia,58.52722,78.5,63.84679,61.56
121,FMCG,Personal Care,Eastern Europe,Russia,47.81222,63.40168,65.15951,
122,FMCG,Beverages,Western Europe,UK,0.4,0.75709,0.2,
122,FMCG,Beverages,Western Europe,UK,0.7,0.7352,0.5,
122,FMCG,Beverages,Western Europe,UK,0.56448,0.4104,0.52059,
122,FMCG,Beverages,Western Europe,UK,0.65346,0.88234,0.54919,
122,FMCG,Beverages,Western Europe,UK,0.74359,0.45231,0.55701,
122,FMCG,Beverages,Western Europe,UK,0.62962,0.52525,0.59274,
122,FMCG,Beverages,Western Europe,UK,0.68234,0.57377,0.61609,
122,FMCG,Beverages,Western Europe,UK,0.84984,0.56013,0.70309,
122,FMCG,Beverages,Western Europe,UK,1.07967,0.58358,0.81535,
122,FMCG,Beverages,Western Europe,UK,0.9585,0.60863,0.88193,
122,FMCG,Beverages,Western Europe,UK,1,0.61007,1.1,
122,FMCG,Beverages,Western Europe,UK,2.89707,2.40856,1.84341,
122,FMCG,Beverages,Western Europe,UK,2.9,1.41107,2.1,
122,FMCG,Beverages,Western Europe,UK,2.93596,1.37254,2.24763,
122,FMCG,Beverages,Western Europe,UK,2.80881,1.19856,2.2632,
122,FMCG,Beverages,Western Europe,UK,3.13116,2.26181,2.29334,
122,FMCG,Beverages,Western Europe,UK,3.06935,2.29278,2.34518,
122,FMCG,Beverages,Western Europe,UK,3.24779,2.16742,2.34938,
122,FMCG,Beverages,Western Europe,UK,3.1,1.23684,2.5,
122,FMCG,Beverages,Western Europe,UK,3.1,1.35039,2.6,
122,FMCG,Beverages,Western Europe,UK,3.31591,2.20193,2.81044,
122,FMCG,Beverages,Western Europe,UK,3.58109,1.33885,2.93095,
122,FMCG,Beverages,Western Europe,UK,6.35825,3.28552,5.2169,
122,FMCG,Beverages,Western Europe,UK,6.5527,3.86833,5.92772,
122,FMCG,Beverages,Western Europe,UK,7.27596,3.19416,5.9956,
122,FMCG,Beverages,Western Europe,UK,6.85095,3.97593,6.02183,
122,FMCG,Beverages,Western Europe,UK,6.56497,3.3992,6.07778,
122,FMCG,Beverages,Western Europe,UK,7.15806,5.65932,6.23795,
122,FMCG,Beverages,Western Europe,UK,6.7,5.63499,6.5,
122,FMCG,Beverages,Western Europe,UK,7.5,4.19563,6.6,
122,FMCG,Beverages,Western Europe,UK,8.12203,5.58117,6.80941,
122,FMCG,Beverages,Western Europe,UK,7.61183,4.24061,7.02611,
122,FMCG,Beverages,Western Europe,UK,8.1,3.90883,8,
122,FMCG,Beverages,Western Europe,UK,12.3,7.47594,9.8,
122,FMCG,Beverages,Western Europe,UK,12.79702,6.89822,10.68992,
122,FMCG,Beverages,Western Europe,UK,11.71499,14.57786,10.82607,
122,FMCG,Beverages,Western Europe,UK,12.99885,6.82634,10.9948,
122,FMCG,Beverages,Western Europe,UK,13,7.36944,11,
122,FMCG,Beverages,Western Europe,UK,12.23773,14.78356,11.05198,
122,FMCG,Beverages,Western Europe,UK,13.24429,16.5624,11.06002,
122,FMCG,Beverages,Western Europe,UK,12.88871,15.9982,11.71582,
122,FMCG,Beverages,Western Europe,UK,13.4,7.49691,12.1,
122,FMCG,Beverages,Western Europe,UK,14.19849,7.3244,12.58492,
122,FMCG,Beverages,Western Europe,UK,14.97269,12.27451,12.749,
122,FMCG,Beverages,Western Europe,UK,13.99075,16.56424,13.10369,
122,FMCG,Beverages,Western Europe,UK,16.14984,12.49164,13.89349,
122,FMCG,Beverages,Western Europe,UK,16,11.74548,14.3,
122,FMCG,Beverages,Western Europe,UK,16.74872,11.99969,14.45796,
122,FMCG,Beverages,Western Europe,UK,16.45694,10.76976,14.99068,
122,FMCG,Beverages,Western Europe,UK,17.31131,11.86074,15.13418,
122,FMCG,Beverages,Western Europe,UK,12.5,15.53205,15.13764,
122,FMCG,Beverages,Western Europe,UK,12.2,19.60341,15.2,
122,FMCG,Beverages,Western Europe,UK,12.6,19.23471,15.34623,
122,FMCG,Beverages,Western Europe,UK,16.8,13.6115,15.4,
122,FMCG,Beverages,Western Europe,UK,16.82987,12.53228,15.56918,
122,FMCG,Beverages,Western Europe,UK,13.1,22.29649,15.7,
122,FMCG,Beverages,Western Europe,UK,17.54631,12.21113,15.90044,
122,FMCG,Beverages,Western Europe,UK,11.5,18.97899,16.02064,
122,FMCG,Beverages,Western Europe,UK,13.8,14.90243,16.59374,
122,FMCG,Beverages,Western Europe,UK,13.6,19.81689,17.20937,
122,FMCG,Beverages,Western Europe,UK,17.97026,20.68537,17.44809,
122,FMCG,Beverages,Western Europe,UK,13.7,15.91958,17.49513,
122,FMCG,Beverages,Western Europe,UK,17.54424,18.51296,17.99756,
122,FMCG,Beverages,Western Europe,UK,18.1,18.99233,18.1,
122,FMCG,Beverages,Western Europe,UK,14.8,20.56572,18.2,
122,FMCG,Beverages,Western Europe,UK,14.8,15.37003,18.22106,
122,FMCG,Beverages,Western Europe,UK,15.3,15.68907,18.61466,
122,FMCG,Beverages,Western Europe,UK,18.88368,18.76913,18.92274,
122,FMCG,Beverages,Western Europe,UK,19.07215,21.00179,18.9537,
122,FMCG,Beverages,Western Europe,UK,18.8793,20.1313,19.08883,
122,FMCG,Beverages,Western Europe,UK,19.3,18.58869,19.3,
122,FMCG,Beverages,Western Europe,UK,20.24273,13.13215,19.54776,
122,FMCG,Beverages,Western Europe,UK,19.3,14.34514,19.7,
122,FMCG,Beverages,Western Europe,UK,19.7,19.52884,19.8,
122,FMCG,Beverages,Western Europe,UK,20.40733,20.71549,20.64033,
122,FMCG,Beverages,Western Europe,UK,20.4756,21.7746,20.71498,
122,FMCG,Beverages,Western Europe,UK,19.74903,30.25631,22.43005,
122,FMCG,Beverages,Western Europe,UK,20.5689,18.80546,22.43017,
122,FMCG,Beverages,Western Europe,UK,19.61638,29.12733,22.66031,
122,FMCG,Beverages,Western Europe,UK,21.05723,25.16749,23.27195,
122,FMCG,Beverages,Western Europe,UK,21.5,28.19637,23.3,
122,FMCG,Beverages,Western Europe,UK,21.62695,25.45028,23.3369,
122,FMCG,Beverages,Western Europe,UK,20.73866,23.12819,23.53067,
122,FMCG,Beverages,Western Europe,UK,21.5,26.94151,24,
122,FMCG,Beverages,Western Europe,UK,21.1,29.9993,24.4,
122,FMCG,Beverages,Western Europe,UK,21.66873,28.80613,24.58143,
122,FMCG,Beverages,Western Europe,UK,20.73539,24.94118,25.65683,
122,FMCG,Beverages,Western Europe,UK,22.88163,25.25957,25.94346,
123,Alcoholic Beverages,Beer,Africa,Ghana,0.5,0.1,0.6,
123,Alcoholic Beverages,Beer,Africa,Ghana,1.5,0.9,0.7,
123,Alcoholic Beverages,Beer,Africa,Ghana,1.6,0.6,1,
123,Alcoholic Beverages,Beer,Africa,Ghana,7.7,4.9,5.9,
123,Alcoholic Beverages,Beer,Africa,Ghana,9.3,9.3,6.8,
123,Alcoholic Beverages,Beer,Africa,Ghana,12.2,7.6,13,
123,Alcoholic Beverages,Beer,Africa,Ghana,13.2,23.7,13.7,
123,Alcoholic Beverages,Beer,Africa,Ghana,24.4,27.6,28.7,
123,Alcoholic Beverages,Beer,Africa,Ghana,29.5,24.2,30.6,
124,Alcoholic Beverages,Beer,Africa,Uganda,0,0,0,
124,Alcoholic Beverages,Beer,Africa,Uganda,0.3,0.2,0,
124,Alcoholic Beverages,Beer,Africa,Uganda,0.2,0.5,0,
124,Alcoholic Beverages,Beer,Africa,Uganda,0.4,0.1,0.1,
124,Alcoholic Beverages,Beer,Africa,Uganda,0.3,0,0.1,
124,Alcoholic Beverages,Beer,Africa,Uganda,0.8,0.4,0.1,
124,Alcoholic Beverages,Beer,Africa,Uganda,0.6,0.3,0.2,
124,Alcoholic Beverages,Beer,Africa,Uganda,0.4,0,0.2,
124,Alcoholic Beverages,Beer,Africa,Uganda,0.4,0.3,0.4,
124,Alcoholic Beverages,Beer,Africa,Uganda,1.4,0.8,0.4,
124,Alcoholic Beverages,Beer,Africa,Uganda,1.3,0.8,0.7,
124,Alcoholic Beverages,Beer,Africa,Uganda,1.5,3.6,0.8,
124,Alcoholic Beverages,Beer,Africa,Uganda,2,0.5,1.3,
124,Alcoholic Beverages,Beer,Africa,Uganda,2.1,1.1,1.5,
124,Alcoholic Beverages,Beer,Africa,Uganda,5.8,4.6,4.1,
124,Alcoholic Beverages,Beer,Africa,Uganda,6.7,4.7,4.9,
124,Alcoholic Beverages,Beer,Africa,Uganda,11,15.7,11.8,
124,Alcoholic Beverages,Beer,Africa,Uganda,10.5,1.7,11.8,
124,Alcoholic Beverages,Beer,Africa,Uganda,11.4,16.7,12,
124,Alcoholic Beverages,Beer,Africa,Uganda,10.9,12.1,13.7,
124,Alcoholic Beverages,Beer,Africa,Uganda,16.1,16.9,16.6,
124,Alcoholic Beverages,Beer,Africa,Uganda,14.9,16.9,16.8,
125,Alcoholic Beverages,Beer,Africa,Tanzania,0.2,0.3,0,
125,Alcoholic Beverages,Beer,Africa,Tanzania,0.3,0.6,0,
125,Alcoholic Beverages,Beer,Africa,Tanzania,0.1,0,0.1,
125,Alcoholic Beverages,Beer,Africa,Tanzania,0.1,2.1,0.1,
125,Alcoholic Beverages,Beer,Africa,Tanzania,0.3,0.3,0.1,
125,Alcoholic Beverages,Beer,Africa,Tanzania,0.2,0.3,0.1,
125,Alcoholic Beverages,Beer,Africa,Tanzania,0.4,0,0.2,
125,Alcoholic Beverages,Beer,Africa,Tanzania,0.8,2.8,0.3,
125,Alcoholic Beverages,Beer,Africa,Tanzania,0.3,0.8,0.3,
125,Alcoholic Beverages,Beer,Africa,Tanzania,0.4,0.8,0.3,
125,Alcoholic Beverages,Beer,Africa,Tanzania,0.8,0.2,0.4,
125,Alcoholic Beverages,Beer,Africa,Tanzania,0.8,0.5,0.4,
125,Alcoholic Beverages,Beer,Africa,Tanzania,0.7,0.6,0.7,
125,Alcoholic Beverages,Beer,Africa,Tanzania,2.2,0,1,
125,Alcoholic Beverages,Beer,Africa,Tanzania,5.9,0.7,2.6,
125,Alcoholic Beverages,Beer,Africa,Tanzania,3.6,1.5,2.8,
125,Alcoholic Beverages,Beer,Africa,Tanzania,4.5,4.6,3.7,
125,Alcoholic Beverages,Beer,Africa,Tanzania,5.4,3.1,4.6,
125,Alcoholic Beverages,Beer,Africa,Tanzania,4,7.9,4.9,
125,Alcoholic Beverages,Beer,Africa,Tanzania,5.7,1,5,
125,Alcoholic Beverages,Beer,Africa,Tanzania,5.9,8.5,5.3,
125,Alcoholic Beverages,Beer,Africa,Tanzania,12.6,13.7,13.1,
125,Alcoholic Beverages,Beer,Africa,Tanzania,12.6,14.4,14.3,
125,Alcoholic Beverages,Beer,Africa,Tanzania,13.2,20.1,15.8,
125,Alcoholic Beverages,Beer,Africa,Tanzania,19.3,15.5,23.7,
126,Alcoholic Beverages,Beer,Latin America,Honduras,0,0,0,
126,Alcoholic Beverages,Beer,Latin America,Honduras,0,0,0,
126,Alcoholic Beverages,Beer,Latin America,Honduras,0,0,0,
126,Alcoholic Beverages,Beer,Latin America,Honduras,0,0,0,
126,Alcoholic Beverages,Beer,Latin America,Honduras,0,0,0,
126,Alcoholic Beverages,Beer,Latin America,Honduras,0,2,0,
126,Alcoholic Beverages,Beer,Latin America,Honduras,0,0,0,
126,Alcoholic Beverages,Beer,Latin America,Honduras,0,0,0,
126,Alcoholic Beverages,Beer,Latin America,Honduras,0,0,0,
126,Alcoholic Beverages,Beer,Latin America,Honduras,0,0,0,
126,Alcoholic Beverages,Beer,Latin America,Honduras,0,0,0,
126,Alcoholic Beverages,Beer,Latin America,Honduras,0,0,0,
126,Alcoholic Beverages,Beer,Latin America,Honduras,0.2,0.5,0.1,
126,Alcoholic Beverages,Beer,Latin America,Honduras,0.6,0.3,0.3,
126,Alcoholic Beverages,Beer,Latin America,Honduras,1,0.5,0.6,
126,Alcoholic Beverages,Beer,Latin America,Honduras,1,1.4,0.9,
126,Alcoholic Beverages,Beer,Latin America,Honduras,1.2,1.3,1,
126,Alcoholic Beverages,Beer,Latin America,Honduras,2,0.5,1.4,
126,Alcoholic Beverages,Beer,Latin America,Honduras,6.3,2.1,4.4,
126,Alcoholic Beverages,Beer,Latin America,Honduras,14.2,13.1,15.2,
126,Alcoholic Beverages,Beer,Latin America,Honduras,21,24.4,23.3,
126,Alcoholic Beverages,Beer,Latin America,Honduras,28,19.4,26.3,
126,Alcoholic Beverages,Beer,Latin America,Honduras,24.5,34.5,26.7,
127,Alcoholic Beverages,Beer,Latin America,Peru,0,0.4,0,
127,Alcoholic Beverages,Beer,Latin America,Peru,0,0,0,
127,Alcoholic Beverages,Beer,Latin America,Peru,0,0,0,
127,Alcoholic Beverages,Beer,Latin America,Peru,0,0,0,
127,Alcoholic Beverages,Beer,Latin America,Peru,0,0,0,
127,Alcoholic Beverages,Beer,Latin America,Peru,0.1,0.1,0.1,
127,Alcoholic Beverages,Beer,Latin America,Peru,0.1,0.6,0.1,
127,Alcoholic Beverages,Beer,Latin America,Peru,0.2,0,0.1,
127,Alcoholic Beverages,Beer,Latin America,Peru,0.3,0.3,0.1,
127,Alcoholic Beverages,Beer,Latin America,Peru,0.2,0,0.1,
127,Alcoholic Beverages,Beer,Latin America,Peru,0.4,0.2,0.3,
127,Alcoholic Beverages,Beer,Latin America,Peru,0.7,0.6,0.6,
127,Alcoholic Beverages,Beer,Latin America,Peru,1.5,0.5,0.9,
127,Alcoholic Beverages,Beer,Latin America,Peru,2,3.6,1.2,
127,Alcoholic Beverages,Beer,Latin America,Peru,2.8,3.2,3.6,
127,Alcoholic Beverages,Beer,Latin America,Peru,5.3,9.6,6.2,
127,Alcoholic Beverages,Beer,Latin America,Peru,8.1,6.4,6.5,
127,Alcoholic Beverages,Beer,Latin America,Peru,16.1,9.2,12.1,
127,Alcoholic Beverages,Beer,Latin America,Peru,30.2,29.9,30.2,
127,Alcoholic Beverages,Beer,Latin America,Peru,32,35.4,37.9,
128,Alcoholic Beverages,Beer,Latin America,El Salvador,0,0.3,0,
128,Alcoholic Beverages,Beer,Latin America,El Salvador,0,0.7,0,
128,Alcoholic Beverages,Beer,Latin America,El Salvador,0.1,0,0.1,
128,Alcoholic Beverages,Beer,Latin America,El Salvador,0.1,0,0.1,
128,Alcoholic Beverages,Beer,Latin America,El Salvador,0.2,0.7,0.1,
128,Alcoholic Beverages,Beer,Latin America,El Salvador,0.6,0.7,0.5,
128,Alcoholic Beverages,Beer,Latin America,El Salvador,1.3,0,0.7,
128,Alcoholic Beverages,Beer,Latin America,El Salvador,1,0.6,0.9,
128,Alcoholic Beverages,Beer,Latin America,El Salvador,2.7,1.7,1.1,
128,Alcoholic Beverages,Beer,Latin America,El Salvador,2.9,0.5,2.2,
128,Alcoholic Beverages,Beer,Latin America,El Salvador,4.4,1.5,2.3,
128,Alcoholic Beverages,Beer,Latin America,El Salvador,4.5,7,4.2,
128,Alcoholic Beverages,Beer,Latin America,El Salvador,8.1,3,6.2,
128,Alcoholic Beverages,Beer,Latin America,El Salvador,14.5,13,10.6,
128,Alcoholic Beverages,Beer,Latin America,El Salvador,26.2,27.3,29,
128,Alcoholic Beverages,Beer,Latin America,El Salvador,31.4,42.8,42,
129,FMCG,Personal Care,Western Europe,Germany,3.8,2.4,2.3,2.3
129,FMCG,Personal Care,Western Europe,Germany,18.8,11.6,6.7,6.7
129,FMCG,Personal Care,Western Europe,Germany,13.2,12.1,7.5,7.5
129,FMCG,Personal Care,Western Europe,Germany,11.2,9.4,13,13
129,FMCG,Personal Care,Western Europe,Germany,25.7,25.2,15.3,15.3
129,FMCG,Personal Care,Western Europe,Germany,11,9.6,16.8,16.8
129,FMCG,Personal Care,Western Europe,Germany,16,18.2,18.6,18.6
129,FMCG,Personal Care,Western Europe,Germany,16.9,10.1,20.4,20.4
129,FMCG,Personal Care,Western Europe,Germany,19,23.1,26.6,26.6
129,FMCG,Personal Care,Western Europe,Germany,64.4,78.3,72.8,72.8
130,FMCG,Personal Care,Asia,Hong Kong,3.3,1.7,1.4,1.4
130,FMCG,Personal Care,Asia,Hong Kong,11.5,10.6,2.2,2.2
130,FMCG,Personal Care,Asia,Hong Kong,8.7,6.4,3.6,3.6
130,FMCG,Personal Care,Asia,Hong Kong,12.5,10,5.5,5.5
130,FMCG,Personal Care,Asia,Hong Kong,13.5,13.1,5.7,5.7
130,FMCG,Personal Care,Asia,Hong Kong,13.2,8.5,6.7,6.7
130,FMCG,Personal Care,Asia,Hong Kong,6,2.6,7.2,7.2
130,FMCG,Personal Care,Asia,Hong Kong,10.9,7.5,9.9,9.9
130,FMCG,Personal Care,Asia,Hong Kong,18,21.8,13.1,13.1
130,FMCG,Personal Care,Asia,Hong Kong,18.6,23.4,28.1,28.1
130,FMCG,Personal Care,Asia,Hong Kong,37.8,38.2,38.2,38.2
130,FMCG,Personal Care,Asia,Hong Kong,45.9,56.2,78.3,78.3
131,FMCG,Personal Care,Western Europe,Italy,9.6,7.3,6.3,6.3
131,FMCG,Personal Care,Western Europe,Italy,11.4,9.3,7,7
131,FMCG,Personal Care,Western Europe,Italy,8.8,6.3,7.2,7.2
131,FMCG,Personal Care,Western Europe,Italy,15.2,15,16.5,16.5
131,FMCG,Personal Care,Western Europe,Italy,18.8,17.4,22.6,22.6
131,FMCG,Personal Care,Western Europe,Italy,36.2,44.8,40.4,40.4
132,FMCG,Personal Care,Eastern Europe,Russia,0.4,0.1,0.5,0.5
132,FMCG,Personal Care,Eastern Europe,Russia,10.2,8.5,1.7,1.7
132,FMCG,Personal Care,Eastern Europe,Russia,3.8,3,2.5,2.5
132,FMCG,Personal Care,Eastern Europe,Russia,8.1,5.1,2.8,2.8
132,FMCG,Personal Care,Eastern Europe,Russia,2.8,3.1,2.9,2.9
132,FMCG,Personal Care,Eastern Europe,Russia,3.9,1.9,3.1,3.1
132,FMCG,Personal Care,Eastern Europe,Russia,13.5,8.5,4.2,4.2
132,FMCG,Personal Care,Eastern Europe,Russia,5.5,3.9,4.7,4.7
132,FMCG,Personal Care,Eastern Europe,Russia,4.9,3.9,7.5,7.5
132,FMCG,Personal Care,Eastern Europe,Russia,5.5,3.2,7.9,7.9
132,FMCG,Personal Care,Eastern Europe,Russia,11.8,9.4,8.5,8.5
132,FMCG,Personal Care,Eastern Europe,Russia,11.2,9.4,9.3,9.3
132,FMCG,Personal Care,Eastern Europe,Russia,19.3,16.7,22.8,22.8
132,FMCG,Personal Care,Eastern Europe,Russia,15.8,16.1,25,25
132,FMCG,Personal Care,Eastern Europe,Russia,46.8,59.4,48,48
132,FMCG,Personal Care,Eastern Europe,Russia,36.5,47.8,48.7,48.7
133,FMCG,Personal Care,Western Europe,UK,7.5,3.8,2.4,2.4
133,FMCG,Personal Care,Western Europe,UK,8.7,8.9,13.9,13.9
133,FMCG,Personal Care,Western Europe,UK,34.5,31.4,29.1,29.1
133,FMCG,Personal Care,Western Europe,UK,49.3,56,54.5,54.5
134,FMCG,Personal Care,Eastern Europe,Hungary,5.4,2.2,1.9,1.9
134,FMCG,Personal Care,Eastern Europe,Hungary,9.6,6.4,9.7,9.7
134,FMCG,Personal Care,Eastern Europe,Hungary,21.4,21.1,14.9,14.9
134,FMCG,Personal Care,Eastern Europe,Hungary,18.9,18,27.1,27.1
134,FMCG,Personal Care,Eastern Europe,Hungary,44.8,52.3,46.5,46.5
135,FMCG,Personal Care,Eastern Europe,Romania,7.7,5.5,3.3,3.3
135,FMCG,Personal Care,Eastern Europe,Romania,8.8,5.6,4,4
135,FMCG,Personal Care,Eastern Europe,Romania,11.5,6.9,7.1,7.1
135,FMCG,Personal Care,Eastern Europe,Romania,7.3,8.7,13.4,13.4
135,FMCG,Personal Care,Eastern Europe,Romania,15.6,13.9,20.3,20.3
135,FMCG,Personal Care,Eastern Europe,Romania,49.2,59.4,51.9,51.9
136,FMCG,Personal Care,Western Europe,Sweden,2.92183,3,2.41257,
136,FMCG,Personal Care,Western Europe,Sweden,4.19109,3,3.1154,
136,FMCG,Personal Care,Western Europe,Sweden,9.31545,4,6.9105,
136,FMCG,Personal Care,Western Europe,Sweden,36.10257,30,38.77361,
136,FMCG,Personal Care,Western Europe,Sweden,42.00396,55,47.28609,
137,FMCG,Personal Care,Eastern Europe,Russia,4.39823,0,2.27985,
137,FMCG,Personal Care,Eastern Europe,Russia,8.20015,0,5.89242,
137,FMCG,Personal Care,Eastern Europe,Russia,12.74455,10,8.43444,
137,FMCG,Personal Care,Eastern Europe,Russia,17.51182,9,16.25394,
137,FMCG,Personal Care,Eastern Europe,Russia,23.82323,19.6,24.28985,
137,FMCG,Personal Care,Eastern Europe,Russia,33.32227,50.9,42.85066,
138,FMCG,Personal Care,Asia,Malaysia,2.1,3,1.8,
138,FMCG,Personal Care,Asia,Malaysia,3.5,7,4.2,
138,FMCG,Personal Care,Asia,Malaysia,4.7,6,5.5,
138,FMCG,Personal Care,Asia,Malaysia,7.9,11,6.5,
138,FMCG,Personal Care,Asia,Malaysia,7.8,9,9.4,
138,FMCG,Personal Care,Asia,Malaysia,14.8,11,12.5,
138,FMCG,Personal Care,Asia,Malaysia,25,17,23.5,
138,FMCG,Personal Care,Asia,Malaysia,34.3,30,36.5,
139,FMCG,Personal Care,Western Europe,Norway,1.17547,1,0.57936,
139,FMCG,Personal Care,Western Europe,Norway,6.44547,7,6.28626,
139,FMCG,Personal Care,Western Europe,Norway,9.63712,6,7.3703,
139,FMCG,Personal Care,Western Europe,Norway,15.47052,16,14.71382,
139,FMCG,Personal Care,Western Europe,Norway,28.51451,31,28.93738,
139,FMCG,Personal Care,Western Europe,Norway,35.48588,39,41.63105,
140,FMCG,Personal Care,Western Europe,Finland,22,10,16.3,
140,FMCG,Personal Care,Western Europe,Finland,34,34,33.4,
140,FMCG,Personal Care,Western Europe,Finland,43,48,50.2,
141,FMCG,Personal Care,Western Europe,Denmark,5.5,4.3,3.6,
141,FMCG,Personal Care,Western Europe,Denmark,11.4,6.8,6.4,
141,FMCG,Personal Care,Western Europe,Denmark,12.2,4.6,6.8,
141,FMCG,Personal Care,Western Europe,Denmark,12,13.7,13,
141,FMCG,Personal Care,Western Europe,Denmark,26.5,24.8,27.3,
141,FMCG,Personal Care,Western Europe,Denmark,32.4,30.8,42.9,
142,FMCG,Personal Care,Asia,Thailand,4,4,1,
142,FMCG,Personal Care,Asia,Thailand,5,1,1,
142,FMCG,Personal Care,Asia,Thailand,14,5,10,
142,FMCG,Personal Care,Asia,Thailand,34,36,43,
142,FMCG,Personal Care,Asia,Thailand,43,53,45,
143,FMCG,Confectionery,Eastern Europe,Russia,5.27123,0.60484,2.58236,
143,FMCG,Confectionery,Eastern Europe,Russia,3.84043,4.23387,2.7293,
143,FMCG,Confectionery,Eastern Europe,Russia,6.37268,2.82258,3.16385,
143,FMCG,Confectionery,Eastern Europe,Russia,4.60072,3.42742,3.25849,
143,FMCG,Confectionery,Eastern Europe,Russia,6.74872,3.42742,4.36117,
143,FMCG,Confectionery,Eastern Europe,Russia,9.16083,3.62903,6.35964,
143,FMCG,Confectionery,Eastern Europe,Russia,9.31557,5.64516,6.9303,
143,FMCG,Confectionery,Eastern Europe,Russia,9.23179,11.89516,9.15528,
143,FMCG,Confectionery,Eastern Europe,Russia,8.97791,7.25806,9.25053,
143,FMCG,Confectionery,Eastern Europe,Russia,11.17581,6.45161,14.5687,
143,FMCG,Confectionery,Eastern Europe,Russia,12.18521,22.58065,15.46626,
143,FMCG,Confectionery,Eastern Europe,Russia,13.11957,28.02419,22.17489,
144,FMCG,Confectionery,Western Europe,UK,6.08885,3.8,3.53686,
144,FMCG,Confectionery,Western Europe,UK,6.48096,0.7,3.93639,
144,FMCG,Confectionery,Western Europe,UK,7.55357,0.6,3.98936,
144,FMCG,Confectionery,Western Europe,UK,4.77518,2.9,4.47197,
144,FMCG,Confectionery,Western Europe,UK,8.49079,0,4.60416,
144,FMCG,Confectionery,Western Europe,UK,12.22011,3.2,6.63251,
144,FMCG,Confectionery,Western Europe,UK,8.4517,13.4,9.25355,
144,FMCG,Confectionery,Western Europe,UK,15.22363,6.1,14.68966,
144,FMCG,Confectionery,Western Europe,UK,30.71433,37.2,48.88493,
145,FMCG,Confectionery,Western Europe,UK,3.43603,5.51181,1.42516,
145,FMCG,Confectionery,Western Europe,UK,2.35377,0.47244,2.33172,
145,FMCG,Confectionery,Western Europe,UK,3.27874,2.3622,2.67106,
145,FMCG,Confectionery,Western Europe,UK,4.6853,5.98425,2.86845,
145,FMCG,Confectionery,Western Europe,UK,4.46829,3.62205,3.74684,
145,FMCG,Confectionery,Western Europe,UK,4.25076,4.56693,4.72522,
145,FMCG,Confectionery,Western Europe,UK,5.86524,4.88189,5.45925,
145,FMCG,Confectionery,Western Europe,UK,13.61979,5.03937,9.62998,
145,FMCG,Confectionery,Western Europe,UK,7.3631,5.35433,10.37582,
145,FMCG,Confectionery,Western Europe,UK,8.77585,10.70866,10.45103,
145,FMCG,Confectionery,Western Europe,UK,18.17325,25.98425,21.07075,
145,FMCG,Confectionery,Western Europe,UK,23.72988,25.51181,25.24473,
146,FMCG,Confectionery,North America,USA,2.83423,0.29155,2.14881,
146,FMCG,Confectionery,North America,USA,3.31884,2.04082,2.31299,
146,FMCG,Confectionery,North America,USA,4.36977,3.49854,3.22671,
146,FMCG,Confectionery,North America,USA,5.00072,3.35277,3.39152,
146,FMCG,Confectionery,North America,USA,3.30985,5.8309,3.76801,
146,FMCG,Confectionery,North America,USA,6.36056,3.35277,4.33875,
146,FMCG,Confectionery,North America,USA,11.76631,8.30904,8.35563,
146,FMCG,Confectionery,North America,USA,6.39094,16.03499,11.45269,
146,FMCG,Confectionery,North America,USA,14.13878,10.78717,13.67083,
146,FMCG,Confectionery,North America,USA,17.17353,16.18076,16.64097,
146,FMCG,Confectionery,North America,USA,25.33646,30.3207,30.69309,
147,FMCG,Confectionery,Latin America,Brazil,0.3,0.2,0.1,
147,FMCG,Confectionery,Latin America,Brazil,0.4,0,0.2,
147,FMCG,Confectionery,Latin America,Brazil,0.8,1.2,0.4,
147,FMCG,Confectionery,Latin America,Brazil,0.9,0,0.4,
147,FMCG,Confectionery,Latin America,Brazil,2.1,3.3,1.8,
147,FMCG,Confectionery,Latin America,Brazil,3.3,1,2.3,
147,FMCG,Confectionery,Latin America,Brazil,4.6,0.1,3.9,
147,FMCG,Confectionery,Latin America,Brazil,7.5,6.5,6.3,
147,FMCG,Confectionery,Latin America,Brazil,10,4.8,7.9,
147,FMCG,Confectionery,Latin America,Brazil,10.3,2.8,8.3,
147,FMCG,Confectionery,Latin America,Brazil,8.3,18.7,8.7,
147,FMCG,Confectionery,Latin America,Brazil,17.3,12.9,16.7,
147,FMCG,Confectionery,Latin America,Brazil,34.2,26,42.9,
148,FMCG,Confectionery,Western Europe,France,1.34715,2.7907,0.7393,
148,FMCG,Confectionery,Western Europe,France,5.07772,6.04651,4.19961,
148,FMCG,Confectionery,Western Europe,France,7.15026,6.97674,5.95544,
148,FMCG,Confectionery,Western Europe,France,7.15026,9.30233,7.64966,
148,FMCG,Confectionery,Western Europe,France,10.67358,10.46512,10.19612,
148,FMCG,Confectionery,Western Europe,France,12.43523,10.93023,11.93141,
148,FMCG,Confectionery,Western Europe,France,11.29534,11.39535,12.70151,
148,FMCG,Confectionery,Western Europe,France,13.05699,8.60465,13.01982,
148,FMCG,Confectionery,Western Europe,France,15.12953,14.65116,14.15956,
148,FMCG,Confectionery,Western Europe,France,16.68394,18.83721,19.44758,
149,Automotive,Motor Vehicle,Latin America,Chile,0,0,0,
149,Automotive,Motor Vehicle,Latin America,Chile,0,0,0,
149,Automotive,Motor Vehicle,Latin America,Chile,0.2661,1.01413,0,
149,Automotive,Motor Vehicle,Latin America,Chile,0.3863,1.9202,0.0805,
149,Automotive,Motor Vehicle,Latin America,Chile,0.4154,0,0.1536,
149,Automotive,Motor Vehicle,Latin America,Chile,0.7967,0.44888,0.2458,
149,Automotive,Motor Vehicle,Latin America,Chile,0.3199,0,0.2988,
149,Automotive,Motor Vehicle,Latin America,Chile,0.0755,0,0.3381,
149,Automotive,Motor Vehicle,Latin America,Chile,0.7441,4.58853,0.3829,
149,Automotive,Motor Vehicle,Latin America,Chile,0.6657,0,0.5942,
149,Automotive,Motor Vehicle,Latin America,Chile,0.3455,0.18288,0.7401,
149,Automotive,Motor Vehicle,Latin America,Chile,0.4349,0.532,0.7527,
149,Automotive,Motor Vehicle,Latin America,Chile,0.2687,1.33001,0.7782,
149,Automotive,Motor Vehicle,Latin America,Chile,1.0945,4.92103,1.3319,
149,Automotive,Motor Vehicle,Latin America,Chile,1.1561,0,1.9547,
149,Automotive,Motor Vehicle,Latin America,Chile,3.8327,7.82211,3.7005,
149,Automotive,Motor Vehicle,Latin America,Chile,5.0759,2.02826,5.0516,
149,Automotive,Motor Vehicle,Latin America,Chile,6.4778,1.77057,5.3355,
149,Automotive,Motor Vehicle,Latin America,Chile,7.3032,7.15711,5.5821,
149,Automotive,Motor Vehicle,Latin America,Chile,5.4712,3.25852,6.0586,
149,Automotive,Motor Vehicle,Latin America,Chile,8.8973,6.55029,6.7152,
149,Automotive,Motor Vehicle,Latin America,Chile,6.3845,14.38071,7.1877,
149,Automotive,Motor Vehicle,Latin America,Chile,5.4472,4.22278,7.3081,
149,Automotive,Motor Vehicle,Latin America,Chile,8.2486,5.71072,8.0977,
149,Automotive,Motor Vehicle,Latin America,Chile,8.8475,6.83292,10.6905,
149,Automotive,Motor Vehicle,Latin America,Chile,10.8729,4.92103,12.1397,
149,Automotive,Motor Vehicle,Latin America,Chile,16.1715,20.40732,14.48,
150,FMCG,Toothpaste,Asia,Hong Kong,3.2,0.2,1,
150,FMCG,Toothpaste,Asia,Hong Kong,5.7,0.6,1.8,
150,FMCG,Toothpaste,Asia,Hong Kong,4.4,3,2.3,
150,FMCG,Toothpaste,Asia,Hong Kong,15.8,7.3,12.4,
150,FMCG,Toothpaste,Asia,Hong Kong,16.7,4.5,13.3,
150,FMCG,Toothpaste,Asia,Hong Kong,21.6,44.2,26.3,
150,FMCG,Toothpaste,Asia,Hong Kong,32.6,37.6,43,
151,FMCG,Toothpaste,Asia,Thailand,2,1.1,0.8,
151,FMCG,Toothpaste,Asia,Thailand,3.4,2.7,2.3,
151,FMCG,Toothpaste,Asia,Thailand,4.7,4.7,2.5,
151,FMCG,Toothpaste,Asia,Thailand,5.4,2,2.5,
151,FMCG,Toothpaste,Asia,Thailand,4.5,3.4,2.6,
151,FMCG,Toothpaste,Asia,Thailand,7.4,6.8,5.6,
151,FMCG,Toothpaste,Asia,Thailand,10.6,9.3,6.9,
151,FMCG,Toothpaste,Asia,Thailand,17.3,14.5,12.6,
151,FMCG,Toothpaste,Asia,Thailand,44.7,46.7,64.2,
152,FMCG,Toothpaste,Asia,Vietnam,0,1.6,0,
152,FMCG,Toothpaste,Asia,Vietnam,1.8,1,1.7,
152,FMCG,Toothpaste,Asia,Vietnam,2.8,0.5,1.9,
152,FMCG,Toothpaste,Asia,Vietnam,4.5,1,3.4,
152,FMCG,Toothpaste,Asia,Vietnam,24.9,18.7,18.4,
152,FMCG,Toothpaste,Asia,Vietnam,22.4,17.2,20.1,
152,FMCG,Toothpaste,Asia,Vietnam,43.5,58.7,54.4,
153,FMCG,Oral Care,Asia,India,2.6,11,2,
153,FMCG,Oral Care,Asia,India,3.9,1.6,2.2,
153,FMCG,Oral Care,Asia,India,5,14.3,3.4,
153,FMCG,Oral Care,Asia,India,7.6,3.9,4.4,
153,FMCG,Oral Care,Asia,India,29.2,13.9,22.7,
153,FMCG,Oral Care,Asia,India,51.7,32.4,65.2,
154,FMCG,Toothpaste,Asia,India,0.8,0.1,0.3,
154,FMCG,Toothpaste,Asia,India,0.4,0.5,0.4,
154,FMCG,Toothpaste,Asia,India,2.9,5.2,1.8,
154,FMCG,Toothpaste,Asia,India,3.4,1,1.9,
154,FMCG,Toothpaste,Asia,India,12.4,5.6,7.1,
154,FMCG,Toothpaste,Asia,India,10.5,15.6,9.2,
154,FMCG,Toothpaste,Asia,India,11.1,12.9,9.8,
154,FMCG,Toothpaste,Asia,India,12.6,5.4,12.1,
154,FMCG,Toothpaste,Asia,India,45.9,53.9,57.6,
155,FMCG,Oral Care,Asia,Thailand,0.9,1.5,0.1,
155,FMCG,Oral Care,Asia,Thailand,1.6,3,0.4,
155,FMCG,Oral Care,Asia,Thailand,2.6,6.1,0.7,
155,FMCG,Oral Care,Asia,Thailand,4.7,3.6,2.2,
155,FMCG,Oral Care,Asia,Thailand,9.1,13.5,4.7,
155,FMCG,Oral Care,Asia,Thailand,16.7,10,9.2,
155,FMCG,Oral Care,Asia,Thailand,15.7,8.4,11.4,
155,FMCG,Oral Care,Asia,Thailand,48.8,32,71.3,
156,FMCG,Oral Care,Asia,Thailand,3.71134,2.9,1.51362,
156,FMCG,Oral Care,Asia,Thailand,4.53608,0.2,1.61453,
156,FMCG,Oral Care,Asia,Thailand,2.98969,2.4,1.71544,
156,FMCG,Oral Care,Asia,Thailand,9.17526,4.4,4.23814,
156,FMCG,Oral Care,Asia,Thailand,30.20619,26.5,24.41978,
156,FMCG,Oral Care,Asia,Thailand,49.38144,60.8,66.49849,
157,FMCG,Oral Care,Asia,Malaysia,0.7,2.7,0.5,
157,FMCG,Oral Care,Asia,Malaysia,3.9,6,2.8,
157,FMCG,Oral Care,Asia,Malaysia,4.7,7.9,3.3,
157,FMCG,Oral Care,Asia,Malaysia,4.2,2.5,3.5,
157,FMCG,Oral Care,Asia,Malaysia,11.4,9.9,7.9,
157,FMCG,Oral Care,Asia,Malaysia,30.5,27.1,27.3,
157,FMCG,Oral Care,Asia,Malaysia,44.4,31.2,54.7,
158,FMCG,Fabric Enhancer,Asia,Malaysia,1.2,4.8,0.4,
158,FMCG,Fabric Enhancer,Asia,Malaysia,8.4,4.4,4.8,
158,FMCG,Fabric Enhancer,Asia,Malaysia,20.5,19.7,15.3,
158,FMCG,Fabric Enhancer,Asia,Malaysia,24,12.8,21,
158,FMCG,Fabric Enhancer,Asia,Malaysia,45.9,55.1,58.4,
159,FMCG,Dish care,Asia,Malaysia,0.8,2.4,0.8,
159,FMCG,Dish care,Asia,Malaysia,1.3,4.2,1,
159,FMCG,Dish care,Asia,Malaysia,2.6,1.5,1.4,
159,FMCG,Dish care,Asia,Malaysia,4.3,4.6,2.9,
159,FMCG,Dish care,Asia,Malaysia,9.1,3.4,5.8,
159,FMCG,Dish care,Asia,Malaysia,11,11.3,10.9,
159,FMCG,Dish care,Asia,Malaysia,16.1,8,18.8,
159,FMCG,Dish care,Asia,Malaysia,25.4,20.2,26.5,
159,FMCG,Dish care,Asia,Malaysia,29.4,21.2,31.9,
160,FMCG,Dish care,Asia,Philippines,1.8,0.9,0.5,
160,FMCG,Dish care,Asia,Philippines,2.6,0.1,0.5,
160,FMCG,Dish care,Asia,Philippines,3.9,1,1.1,
160,FMCG,Dish care,Asia,Philippines,3.8,0.6,1.2,
160,FMCG,Dish care,Asia,Philippines,8.4,2.4,5.5,
160,FMCG,Dish care,Asia,Philippines,11.3,4,5.7,
160,FMCG,Dish care,Asia,Philippines,9.6,2.1,5.9,
160,FMCG,Dish care,Asia,Philippines,10.9,4,7.6,
160,FMCG,Dish care,Asia,Philippines,12.1,10.7,11.8,
160,FMCG,Dish care,Asia,Philippines,35.7,53.8,60.3,
161,FMCG,Personal Care,Asia,Philippines,2.4,0.6,0.8,
161,FMCG,Personal Care,Asia,Philippines,2.7,2.2,1.4,
161,FMCG,Personal Care,Asia,Philippines,6.2,5.3,4.1,
161,FMCG,Personal Care,Asia,Philippines,6,4.6,4.4,
161,FMCG,Personal Care,Asia,Philippines,8.3,5.4,5.8,
161,FMCG,Personal Care,Asia,Philippines,14,11.3,12,
161,FMCG,Personal Care,Asia,Philippines,13.5,13.6,13.5,
161,FMCG,Personal Care,Asia,Philippines,21.8,20,25.3,
161,FMCG,Personal Care,Asia,Philippines,25.2,30,32.7,
162,FMCG,Toothpaste,Asia,Taiwan,2.6,0.4,1.1,
162,FMCG,Toothpaste,Asia,Taiwan,4.8,1.5,1.7,
162,FMCG,Toothpaste,Asia,Taiwan,4.1,1.6,2.2,
162,FMCG,Toothpaste,Asia,Taiwan,8.6,4.2,5.3,
162,FMCG,Toothpaste,Asia,Taiwan,9.6,6.7,7.3,
162,FMCG,Toothpaste,Asia,Taiwan,17.6,11.2,17.1,
162,FMCG,Toothpaste,Asia,Taiwan,25.1,19.5,29.3,
162,FMCG,Toothpaste,Asia,Taiwan,27.6,47.1,36,
163,FMCG,Toothpaste,Asia,Philippines,4.6,1.2,1.2,
163,FMCG,Toothpaste,Asia,Philippines,4.3,1,1.5,
163,FMCG,Toothpaste,Asia,Philippines,6.9,1.3,1.6,
163,FMCG,Toothpaste,Asia,Philippines,4.2,3.8,1.8,
163,FMCG,Toothpaste,Asia,Philippines,9.9,9.2,5.8,
163,FMCG,Toothpaste,Asia,Philippines,24,24.8,20.6,
163,FMCG,Toothpaste,Asia,Philippines,44.5,58.7,66.9,
164,FMCG,Personal Care,Asia,Thailand,1.8,0.3,0.5,
164,FMCG,Personal Care,Asia,Thailand,2.2,1.4,0.9,
164,FMCG,Personal Care,Asia,Thailand,5.7,4.5,2.9,
164,FMCG,Personal Care,Asia,Thailand,14,14.5,10.6,
164,FMCG,Personal Care,Asia,Thailand,12.3,7,11.2,
164,FMCG,Personal Care,Asia,Thailand,15.5,15.5,13.1,
164,FMCG,Personal Care,Asia,Thailand,20.3,12.9,26.5,
164,FMCG,Personal Care,Asia,Thailand,28.1,24.7,34.4,
